timestamp, index, name, utilization.gpu [%], utilization.memory [%], memory.total [MiB], memory.used [MiB], memory.free [MiB]
2024/11/23 12:23:29.950, 0, NVIDIA RTX A6000, 92 %, 73 %, 49140 MiB, 25073 MiB, 23498 MiB
2024/11/23 12:23:29.951, 1, NVIDIA RTX A6000, 0 %, 0 %, 49140 MiB, 15 MiB, 48555 MiB
2024/11/23 12:23:30.954, 0, NVIDIA RTX A6000, 95 %, 80 %, 49140 MiB, 25073 MiB, 23498 MiB
2024/11/23 12:23:30.954, 1, NVIDIA RTX A6000, 0 %, 0 %, 49140 MiB, 15 MiB, 48555 MiB
2024/11/23 12:23:31.978, 0, NVIDIA RTX A6000, 86 %, 37 %, 49140 MiB, 25073 MiB, 23498 MiB
2024/11/23 12:23:31.978, 1, NVIDIA RTX A6000, 0 %, 0 %, 49140 MiB, 15 MiB, 48555 MiB
2024/11/23 12:23:32.978, 0, NVIDIA RTX A6000, 100 %, 100 %, 49140 MiB, 25073 MiB, 23498 MiB
2024/11/23 12:23:32.978, 1, NVIDIA RTX A6000, 0 %, 0 %, 49140 MiB, 15 MiB, 48555 MiB
2024/11/23 12:23:33.978, 0, NVIDIA RTX A6000, 97 %, 82 %, 49140 MiB, 25073 MiB, 23498 MiB
2024/11/23 12:23:33.978, 1, NVIDIA RTX A6000, 0 %, 0 %, 49140 MiB, 15 MiB, 48555 MiB
2024/11/23 12:23:34.978, 0, NVIDIA RTX A6000, 93 %, 69 %, 49140 MiB, 25073 MiB, 23498 MiB
2024/11/23 12:23:34.978, 1, NVIDIA RTX A6000, 0 %, 0 %, 49140 MiB, 15 MiB, 48555 MiB
2024/11/23 12:23:35.978, 0, NVIDIA RTX A6000, 94 %, 80 %, 49140 MiB, 25073 MiB, 23498 MiB
2024/11/23 12:23:35.978, 1, NVIDIA RTX A6000, 0 %, 0 %, 49140 MiB, 15 MiB, 48555 MiB
2024/11/23 12:23:37.099, 0, NVIDIA RTX A6000, 86 %, 37 %, 49140 MiB, 25073 MiB, 23498 MiB
2024/11/23 12:23:37.099, 1, NVIDIA RTX A6000, 0 %, 0 %, 49140 MiB, 15 MiB, 48555 MiB
2024/11/23 12:23:38.100, 0, NVIDIA RTX A6000, 91 %, 58 %, 49140 MiB, 25073 MiB, 23498 MiB
2024/11/23 12:23:38.100, 1, NVIDIA RTX A6000, 0 %, 0 %, 49140 MiB, 15 MiB, 48555 MiB
2024/11/23 12:23:39.100, 0, NVIDIA RTX A6000, 95 %, 75 %, 49140 MiB, 25073 MiB, 23498 MiB
2024/11/23 12:23:39.100, 1, NVIDIA RTX A6000, 0 %, 0 %, 49140 MiB, 15 MiB, 48555 MiB
2024/11/23 12:23:40.100, 0, NVIDIA RTX A6000, 90 %, 57 %, 49140 MiB, 25073 MiB, 23498 MiB
2024/11/23 12:23:40.100, 1, NVIDIA RTX A6000, 0 %, 0 %, 49140 MiB, 15 MiB, 48555 MiB
2024/11/23 12:23:41.100, 0, NVIDIA RTX A6000, 91 %, 61 %, 49140 MiB, 25073 MiB, 23498 MiB
2024/11/23 12:23:41.100, 1, NVIDIA RTX A6000, 0 %, 0 %, 49140 MiB, 15 MiB, 48555 MiB
2024/11/23 12:23:42.240, 0, NVIDIA RTX A6000, 100 %, 100 %, 49140 MiB, 25073 MiB, 23498 MiB
2024/11/23 12:23:42.240, 1, NVIDIA RTX A6000, 0 %, 0 %, 49140 MiB, 15 MiB, 48555 MiB
2024/11/23 12:23:43.240, 0, NVIDIA RTX A6000, 98 %, 83 %, 49140 MiB, 25073 MiB, 23498 MiB
2024/11/23 12:23:43.240, 1, NVIDIA RTX A6000, 0 %, 0 %, 49140 MiB, 15 MiB, 48555 MiB
2024/11/23 12:23:44.240, 0, NVIDIA RTX A6000, 93 %, 69 %, 49140 MiB, 25073 MiB, 23498 MiB
2024/11/23 12:23:44.240, 1, NVIDIA RTX A6000, 0 %, 0 %, 49140 MiB, 15 MiB, 48555 MiB
2024/11/23 12:23:45.240, 0, NVIDIA RTX A6000, 88 %, 44 %, 49140 MiB, 25073 MiB, 23498 MiB
2024/11/23 12:23:45.240, 1, NVIDIA RTX A6000, 0 %, 0 %, 49140 MiB, 15 MiB, 48555 MiB
2024/11/23 12:23:46.240, 0, NVIDIA RTX A6000, 84 %, 29 %, 49140 MiB, 25073 MiB, 23498 MiB
2024/11/23 12:23:46.240, 1, NVIDIA RTX A6000, 0 %, 0 %, 49140 MiB, 15 MiB, 48555 MiB
2024/11/23 12:23:47.273, 0, NVIDIA RTX A6000, 83 %, 28 %, 49140 MiB, 25073 MiB, 23498 MiB
2024/11/23 12:23:47.273, 1, NVIDIA RTX A6000, 0 %, 0 %, 49140 MiB, 15 MiB, 48555 MiB
2024/11/23 12:23:48.273, 0, NVIDIA RTX A6000, 87 %, 40 %, 49140 MiB, 25073 MiB, 23498 MiB
2024/11/23 12:23:48.273, 1, NVIDIA RTX A6000, 0 %, 0 %, 49140 MiB, 15 MiB, 48555 MiB
2024/11/23 12:23:49.273, 0, NVIDIA RTX A6000, 86 %, 38 %, 49140 MiB, 25073 MiB, 23498 MiB
2024/11/23 12:23:49.273, 1, NVIDIA RTX A6000, 0 %, 0 %, 49140 MiB, 15 MiB, 48555 MiB
2024/11/23 12:23:50.273, 0, NVIDIA RTX A6000, 91 %, 61 %, 49140 MiB, 25073 MiB, 23498 MiB
2024/11/23 12:23:50.273, 1, NVIDIA RTX A6000, 0 %, 0 %, 49140 MiB, 15 MiB, 48555 MiB
2024/11/23 12:23:51.273, 0, NVIDIA RTX A6000, 93 %, 74 %, 49140 MiB, 25073 MiB, 23498 MiB
2024/11/23 12:23:51.274, 1, NVIDIA RTX A6000, 0 %, 0 %, 49140 MiB, 15 MiB, 48555 MiB
2024/11/23 12:23:52.312, 0, NVIDIA RTX A6000, 94 %, 79 %, 49140 MiB, 25073 MiB, 23498 MiB
2024/11/23 12:23:52.312, 1, NVIDIA RTX A6000, 0 %, 0 %, 49140 MiB, 15 MiB, 48555 MiB
2024/11/23 12:23:53.312, 0, NVIDIA RTX A6000, 97 %, 87 %, 49140 MiB, 25073 MiB, 23498 MiB
2024/11/23 12:23:53.312, 1, NVIDIA RTX A6000, 0 %, 0 %, 49140 MiB, 15 MiB, 48555 MiB
2024/11/23 12:23:54.312, 0, NVIDIA RTX A6000, 100 %, 98 %, 49140 MiB, 25073 MiB, 23498 MiB
2024/11/23 12:23:54.313, 1, NVIDIA RTX A6000, 0 %, 0 %, 49140 MiB, 15 MiB, 48555 MiB
2024/11/23 12:23:55.313, 0, NVIDIA RTX A6000, 96 %, 80 %, 49140 MiB, 25073 MiB, 23498 MiB
2024/11/23 12:23:55.313, 1, NVIDIA RTX A6000, 0 %, 0 %, 49140 MiB, 15 MiB, 48555 MiB
2024/11/23 12:23:56.313, 0, NVIDIA RTX A6000, 93 %, 73 %, 49140 MiB, 25073 MiB, 23498 MiB
2024/11/23 12:23:56.313, 1, NVIDIA RTX A6000, 0 %, 0 %, 49140 MiB, 15 MiB, 48555 MiB
2024/11/23 12:23:57.457, 0, NVIDIA RTX A6000, 87 %, 42 %, 49140 MiB, 25073 MiB, 23498 MiB
2024/11/23 12:23:57.457, 1, NVIDIA RTX A6000, 0 %, 0 %, 49140 MiB, 15 MiB, 48555 MiB
2024/11/23 12:23:58.457, 0, NVIDIA RTX A6000, 86 %, 37 %, 49140 MiB, 25073 MiB, 23498 MiB
2024/11/23 12:23:58.457, 1, NVIDIA RTX A6000, 0 %, 0 %, 49140 MiB, 15 MiB, 48555 MiB
2024/11/23 12:23:59.458, 0, NVIDIA RTX A6000, 100 %, 89 %, 49140 MiB, 25073 MiB, 23498 MiB
2024/11/23 12:23:59.458, 1, NVIDIA RTX A6000, 0 %, 0 %, 49140 MiB, 15 MiB, 48555 MiB
2024/11/23 12:24:00.458, 0, NVIDIA RTX A6000, 95 %, 76 %, 49140 MiB, 25073 MiB, 23498 MiB
2024/11/23 12:24:00.458, 1, NVIDIA RTX A6000, 0 %, 0 %, 49140 MiB, 15 MiB, 48555 MiB
2024/11/23 12:24:01.458, 0, NVIDIA RTX A6000, 90 %, 55 %, 49140 MiB, 25073 MiB, 23498 MiB
2024/11/23 12:24:01.458, 1, NVIDIA RTX A6000, 0 %, 0 %, 49140 MiB, 15 MiB, 48555 MiB
2024/11/23 12:24:02.585, 0, NVIDIA RTX A6000, 97 %, 86 %, 49140 MiB, 25073 MiB, 23498 MiB
2024/11/23 12:24:02.586, 1, NVIDIA RTX A6000, 0 %, 0 %, 49140 MiB, 15 MiB, 48555 MiB
2024/11/23 12:24:03.586, 0, NVIDIA RTX A6000, 100 %, 100 %, 49140 MiB, 25073 MiB, 23498 MiB
2024/11/23 12:24:03.586, 1, NVIDIA RTX A6000, 0 %, 0 %, 49140 MiB, 15 MiB, 48555 MiB
2024/11/23 12:24:04.586, 0, NVIDIA RTX A6000, 97 %, 83 %, 49140 MiB, 25073 MiB, 23498 MiB
2024/11/23 12:24:04.586, 1, NVIDIA RTX A6000, 0 %, 0 %, 49140 MiB, 15 MiB, 48555 MiB
2024/11/23 12:24:05.586, 0, NVIDIA RTX A6000, 93 %, 69 %, 49140 MiB, 25073 MiB, 23498 MiB
2024/11/23 12:24:05.586, 1, NVIDIA RTX A6000, 0 %, 0 %, 49140 MiB, 15 MiB, 48555 MiB
2024/11/23 12:24:06.586, 0, NVIDIA RTX A6000, 88 %, 44 %, 49140 MiB, 25073 MiB, 23498 MiB
2024/11/23 12:24:06.586, 1, NVIDIA RTX A6000, 0 %, 0 %, 49140 MiB, 15 MiB, 48555 MiB
2024/11/23 12:24:07.586, 0, NVIDIA RTX A6000, 84 %, 30 %, 49140 MiB, 25073 MiB, 23498 MiB
2024/11/23 12:24:07.587, 1, NVIDIA RTX A6000, 0 %, 0 %, 49140 MiB, 15 MiB, 48555 MiB
2024/11/23 12:24:08.587, 0, NVIDIA RTX A6000, 84 %, 28 %, 49140 MiB, 25073 MiB, 23498 MiB
2024/11/23 12:24:08.588, 1, NVIDIA RTX A6000, 0 %, 0 %, 49140 MiB, 15 MiB, 48555 MiB
2024/11/23 12:24:09.588, 0, NVIDIA RTX A6000, 87 %, 41 %, 49140 MiB, 25073 MiB, 23498 MiB
2024/11/23 12:24:09.588, 1, NVIDIA RTX A6000, 0 %, 0 %, 49140 MiB, 15 MiB, 48555 MiB
2024/11/23 12:24:10.588, 0, NVIDIA RTX A6000, 86 %, 37 %, 49140 MiB, 25073 MiB, 23498 MiB
2024/11/23 12:24:10.588, 1, NVIDIA RTX A6000, 0 %, 0 %, 49140 MiB, 15 MiB, 48555 MiB
2024/11/23 12:24:11.589, 0, NVIDIA RTX A6000, 91 %, 60 %, 49140 MiB, 25073 MiB, 23498 MiB
2024/11/23 12:24:11.589, 1, NVIDIA RTX A6000, 0 %, 0 %, 49140 MiB, 15 MiB, 48555 MiB
2024/11/23 12:24:12.629, 0, NVIDIA RTX A6000, 92 %, 74 %, 49140 MiB, 25073 MiB, 23498 MiB
2024/11/23 12:24:12.629, 1, NVIDIA RTX A6000, 0 %, 0 %, 49140 MiB, 15 MiB, 48555 MiB
2024/11/23 12:24:13.629, 0, NVIDIA RTX A6000, 94 %, 79 %, 49140 MiB, 25073 MiB, 23498 MiB
2024/11/23 12:24:13.630, 1, NVIDIA RTX A6000, 0 %, 0 %, 49140 MiB, 15 MiB, 48555 MiB
2024/11/23 12:24:14.630, 0, NVIDIA RTX A6000, 96 %, 85 %, 49140 MiB, 25073 MiB, 23498 MiB
2024/11/23 12:24:14.630, 1, NVIDIA RTX A6000, 0 %, 0 %, 49140 MiB, 15 MiB, 48555 MiB
2024/11/23 12:24:15.630, 0, NVIDIA RTX A6000, 100 %, 100 %, 49140 MiB, 25073 MiB, 23498 MiB
2024/11/23 12:24:15.630, 1, NVIDIA RTX A6000, 0 %, 0 %, 49140 MiB, 15 MiB, 48555 MiB
2024/11/23 12:24:16.630, 0, NVIDIA RTX A6000, 92 %, 65 %, 49140 MiB, 25073 MiB, 23498 MiB
2024/11/23 12:24:16.630, 1, NVIDIA RTX A6000, 0 %, 0 %, 49140 MiB, 15 MiB, 48555 MiB
2024/11/23 12:24:17.764, 0, NVIDIA RTX A6000, 92 %, 72 %, 49140 MiB, 25073 MiB, 23498 MiB
2024/11/23 12:24:17.764, 1, NVIDIA RTX A6000, 0 %, 0 %, 49140 MiB, 15 MiB, 48555 MiB
2024/11/23 12:24:18.764, 0, NVIDIA RTX A6000, 94 %, 80 %, 49140 MiB, 25073 MiB, 23498 MiB
2024/11/23 12:24:18.764, 1, NVIDIA RTX A6000, 0 %, 0 %, 49140 MiB, 15 MiB, 48555 MiB
2024/11/23 12:24:19.764, 0, NVIDIA RTX A6000, 99 %, 95 %, 49140 MiB, 25073 MiB, 23498 MiB
2024/11/23 12:24:19.764, 1, NVIDIA RTX A6000, 0 %, 0 %, 49140 MiB, 15 MiB, 48555 MiB
2024/11/23 12:24:20.765, 0, NVIDIA RTX A6000, 100 %, 89 %, 49140 MiB, 25073 MiB, 23498 MiB
2024/11/23 12:24:20.765, 1, NVIDIA RTX A6000, 0 %, 0 %, 49140 MiB, 15 MiB, 48555 MiB
2024/11/23 12:24:21.765, 0, NVIDIA RTX A6000, 95 %, 75 %, 49140 MiB, 25073 MiB, 23498 MiB
2024/11/23 12:24:21.765, 1, NVIDIA RTX A6000, 0 %, 0 %, 49140 MiB, 15 MiB, 48555 MiB
2024/11/23 12:24:22.834, 0, NVIDIA RTX A6000, 90 %, 56 %, 49140 MiB, 25073 MiB, 23498 MiB
2024/11/23 12:24:22.834, 1, NVIDIA RTX A6000, 0 %, 0 %, 49140 MiB, 15 MiB, 48555 MiB
2024/11/23 12:24:23.834, 0, NVIDIA RTX A6000, 85 %, 35 %, 49140 MiB, 25073 MiB, 23498 MiB
2024/11/23 12:24:23.834, 1, NVIDIA RTX A6000, 0 %, 0 %, 49140 MiB, 15 MiB, 48555 MiB
2024/11/23 12:24:24.834, 0, NVIDIA RTX A6000, 84 %, 21 %, 49140 MiB, 25073 MiB, 23498 MiB
2024/11/23 12:24:24.834, 1, NVIDIA RTX A6000, 0 %, 0 %, 49140 MiB, 15 MiB, 48555 MiB
2024/11/23 12:24:25.834, 0, NVIDIA RTX A6000, 85 %, 33 %, 49140 MiB, 25073 MiB, 23498 MiB
2024/11/23 12:24:25.834, 1, NVIDIA RTX A6000, 0 %, 0 %, 49140 MiB, 15 MiB, 48555 MiB
2024/11/23 12:24:26.834, 0, NVIDIA RTX A6000, 87 %, 37 %, 49140 MiB, 25073 MiB, 23498 MiB
2024/11/23 12:24:26.836, 1, NVIDIA RTX A6000, 0 %, 0 %, 49140 MiB, 15 MiB, 48555 MiB
2024/11/23 12:24:27.836, 0, NVIDIA RTX A6000, 90 %, 51 %, 49140 MiB, 25073 MiB, 23498 MiB
2024/11/23 12:24:27.836, 1, NVIDIA RTX A6000, 0 %, 0 %, 49140 MiB, 15 MiB, 48555 MiB
2024/11/23 12:24:28.837, 0, NVIDIA RTX A6000, 92 %, 68 %, 49140 MiB, 25073 MiB, 23498 MiB
2024/11/23 12:24:28.837, 1, NVIDIA RTX A6000, 0 %, 0 %, 49140 MiB, 15 MiB, 48555 MiB
2024/11/23 12:24:29.837, 0, NVIDIA RTX A6000, 93 %, 76 %, 49140 MiB, 25073 MiB, 23498 MiB
2024/11/23 12:24:29.837, 1, NVIDIA RTX A6000, 0 %, 0 %, 49140 MiB, 15 MiB, 48555 MiB
2024/11/23 12:24:30.837, 0, NVIDIA RTX A6000, 95 %, 81 %, 49140 MiB, 25073 MiB, 23498 MiB
2024/11/23 12:24:30.837, 1, NVIDIA RTX A6000, 0 %, 0 %, 49140 MiB, 15 MiB, 48555 MiB
2024/11/23 12:24:31.837, 0, NVIDIA RTX A6000, 100 %, 100 %, 49140 MiB, 25073 MiB, 23498 MiB
2024/11/23 12:24:31.837, 1, NVIDIA RTX A6000, 0 %, 0 %, 49140 MiB, 15 MiB, 48555 MiB
2024/11/23 12:24:32.965, 0, NVIDIA RTX A6000, 91 %, 61 %, 49140 MiB, 25073 MiB, 23498 MiB
2024/11/23 12:24:32.965, 1, NVIDIA RTX A6000, 0 %, 0 %, 49140 MiB, 15 MiB, 48555 MiB
2024/11/23 12:24:33.965, 0, NVIDIA RTX A6000, 92 %, 74 %, 49140 MiB, 25073 MiB, 23498 MiB
2024/11/23 12:24:33.965, 1, NVIDIA RTX A6000, 0 %, 0 %, 49140 MiB, 15 MiB, 48555 MiB
2024/11/23 12:24:34.965, 0, NVIDIA RTX A6000, 90 %, 54 %, 49140 MiB, 25073 MiB, 23498 MiB
2024/11/23 12:24:34.965, 1, NVIDIA RTX A6000, 0 %, 0 %, 49140 MiB, 15 MiB, 48555 MiB
2024/11/23 12:24:35.965, 0, NVIDIA RTX A6000, 84 %, 35 %, 49140 MiB, 25073 MiB, 23498 MiB
2024/11/23 12:24:35.965, 1, NVIDIA RTX A6000, 0 %, 0 %, 49140 MiB, 15 MiB, 48555 MiB
2024/11/23 12:24:36.965, 0, NVIDIA RTX A6000, 92 %, 72 %, 49140 MiB, 25073 MiB, 23498 MiB
2024/11/23 12:24:36.966, 1, NVIDIA RTX A6000, 0 %, 0 %, 49140 MiB, 15 MiB, 48555 MiB
2024/11/23 12:24:38.133, 0, NVIDIA RTX A6000, 92 %, 65 %, 49140 MiB, 25073 MiB, 23498 MiB
2024/11/23 12:24:38.133, 1, NVIDIA RTX A6000, 0 %, 0 %, 49140 MiB, 15 MiB, 48555 MiB
2024/11/23 12:24:39.133, 0, NVIDIA RTX A6000, 92 %, 73 %, 49140 MiB, 25073 MiB, 23498 MiB
2024/11/23 12:24:39.133, 1, NVIDIA RTX A6000, 0 %, 0 %, 49140 MiB, 15 MiB, 48555 MiB
2024/11/23 12:24:40.133, 0, NVIDIA RTX A6000, 94 %, 79 %, 49140 MiB, 25073 MiB, 23498 MiB
2024/11/23 12:24:40.134, 1, NVIDIA RTX A6000, 0 %, 0 %, 49140 MiB, 15 MiB, 48555 MiB
2024/11/23 12:24:41.134, 0, NVIDIA RTX A6000, 99 %, 98 %, 49140 MiB, 25073 MiB, 23498 MiB
2024/11/23 12:24:41.134, 1, NVIDIA RTX A6000, 0 %, 0 %, 49140 MiB, 15 MiB, 48555 MiB
2024/11/23 12:24:42.134, 0, NVIDIA RTX A6000, 99 %, 88 %, 49140 MiB, 25073 MiB, 23498 MiB
2024/11/23 12:24:42.134, 1, NVIDIA RTX A6000, 0 %, 0 %, 49140 MiB, 15 MiB, 48555 MiB
2024/11/23 12:24:43.209, 0, NVIDIA RTX A6000, 95 %, 76 %, 49140 MiB, 25073 MiB, 23498 MiB
2024/11/23 12:24:43.209, 1, NVIDIA RTX A6000, 0 %, 0 %, 49140 MiB, 15 MiB, 48555 MiB
2024/11/23 12:24:44.209, 0, NVIDIA RTX A6000, 90 %, 54 %, 49140 MiB, 25073 MiB, 23498 MiB
2024/11/23 12:24:44.209, 1, NVIDIA RTX A6000, 0 %, 0 %, 49140 MiB, 15 MiB, 48555 MiB
2024/11/23 12:24:45.209, 0, NVIDIA RTX A6000, 84 %, 34 %, 49140 MiB, 25073 MiB, 23498 MiB
2024/11/23 12:24:45.209, 1, NVIDIA RTX A6000, 0 %, 0 %, 49140 MiB, 15 MiB, 48555 MiB
2024/11/23 12:24:46.209, 0, NVIDIA RTX A6000, 84 %, 23 %, 49140 MiB, 25073 MiB, 23498 MiB
2024/11/23 12:24:46.210, 1, NVIDIA RTX A6000, 0 %, 0 %, 49140 MiB, 15 MiB, 48555 MiB
2024/11/23 12:24:47.210, 0, NVIDIA RTX A6000, 86 %, 35 %, 49140 MiB, 25073 MiB, 23498 MiB
2024/11/23 12:24:47.210, 1, NVIDIA RTX A6000, 0 %, 0 %, 49140 MiB, 15 MiB, 48555 MiB
2024/11/23 12:24:48.210, 0, NVIDIA RTX A6000, 87 %, 37 %, 49140 MiB, 25073 MiB, 23498 MiB
2024/11/23 12:24:48.210, 1, NVIDIA RTX A6000, 0 %, 0 %, 49140 MiB, 15 MiB, 48555 MiB
2024/11/23 12:24:49.210, 0, NVIDIA RTX A6000, 90 %, 51 %, 49140 MiB, 25073 MiB, 23498 MiB
2024/11/23 12:24:49.210, 1, NVIDIA RTX A6000, 0 %, 0 %, 49140 MiB, 15 MiB, 48555 MiB
2024/11/23 12:24:50.210, 0, NVIDIA RTX A6000, 92 %, 74 %, 49140 MiB, 25073 MiB, 23498 MiB
2024/11/23 12:24:50.210, 1, NVIDIA RTX A6000, 0 %, 0 %, 49140 MiB, 15 MiB, 48555 MiB
2024/11/23 12:24:51.210, 0, NVIDIA RTX A6000, 94 %, 79 %, 49140 MiB, 25073 MiB, 23498 MiB
2024/11/23 12:24:51.211, 1, NVIDIA RTX A6000, 0 %, 0 %, 49140 MiB, 15 MiB, 48555 MiB
2024/11/23 12:24:52.211, 0, NVIDIA RTX A6000, 97 %, 86 %, 49140 MiB, 25073 MiB, 23498 MiB
2024/11/23 12:24:52.211, 1, NVIDIA RTX A6000, 0 %, 0 %, 49140 MiB, 15 MiB, 48555 MiB
2024/11/23 12:24:53.309, 0, NVIDIA RTX A6000, 100 %, 99 %, 49140 MiB, 25073 MiB, 23498 MiB
2024/11/23 12:24:53.309, 1, NVIDIA RTX A6000, 0 %, 0 %, 49140 MiB, 15 MiB, 48555 MiB
2024/11/23 12:24:54.309, 0, NVIDIA RTX A6000, 97 %, 82 %, 49140 MiB, 25073 MiB, 23498 MiB
2024/11/23 12:24:54.309, 1, NVIDIA RTX A6000, 0 %, 0 %, 49140 MiB, 15 MiB, 48555 MiB
2024/11/23 12:24:55.309, 0, NVIDIA RTX A6000, 92 %, 72 %, 49140 MiB, 25073 MiB, 23498 MiB
2024/11/23 12:24:55.309, 1, NVIDIA RTX A6000, 0 %, 0 %, 49140 MiB, 15 MiB, 48555 MiB
2024/11/23 12:24:56.310, 0, NVIDIA RTX A6000, 94 %, 80 %, 49140 MiB, 25073 MiB, 23498 MiB
2024/11/23 12:24:56.310, 1, NVIDIA RTX A6000, 0 %, 0 %, 49140 MiB, 15 MiB, 48555 MiB
2024/11/23 12:24:57.310, 0, NVIDIA RTX A6000, 99 %, 98 %, 49140 MiB, 25073 MiB, 23498 MiB
2024/11/23 12:24:57.310, 1, NVIDIA RTX A6000, 0 %, 0 %, 49140 MiB, 15 MiB, 48555 MiB
2024/11/23 12:24:58.440, 0, NVIDIA RTX A6000, 100 %, 89 %, 49140 MiB, 25073 MiB, 23498 MiB
2024/11/23 12:24:58.440, 1, NVIDIA RTX A6000, 0 %, 0 %, 49140 MiB, 15 MiB, 48555 MiB
2024/11/23 12:24:59.440, 0, NVIDIA RTX A6000, 95 %, 76 %, 49140 MiB, 25073 MiB, 23498 MiB
2024/11/23 12:24:59.440, 1, NVIDIA RTX A6000, 0 %, 0 %, 49140 MiB, 15 MiB, 48555 MiB
2024/11/23 12:25:00.440, 0, NVIDIA RTX A6000, 90 %, 55 %, 49140 MiB, 25073 MiB, 23498 MiB
2024/11/23 12:25:00.440, 1, NVIDIA RTX A6000, 0 %, 0 %, 49140 MiB, 15 MiB, 48555 MiB
2024/11/23 12:25:01.440, 0, NVIDIA RTX A6000, 85 %, 34 %, 49140 MiB, 25073 MiB, 23498 MiB
2024/11/23 12:25:01.441, 1, NVIDIA RTX A6000, 0 %, 0 %, 49140 MiB, 15 MiB, 48555 MiB
2024/11/23 12:25:02.441, 0, NVIDIA RTX A6000, 100 %, 99 %, 49140 MiB, 25073 MiB, 23498 MiB
2024/11/23 12:25:02.441, 1, NVIDIA RTX A6000, 0 %, 0 %, 49140 MiB, 15 MiB, 48555 MiB
2024/11/23 12:25:03.441, 0, NVIDIA RTX A6000, 97 %, 83 %, 49140 MiB, 25073 MiB, 23498 MiB
2024/11/23 12:25:03.442, 1, NVIDIA RTX A6000, 0 %, 0 %, 49140 MiB, 15 MiB, 48555 MiB
2024/11/23 12:25:04.442, 0, NVIDIA RTX A6000, 93 %, 70 %, 49140 MiB, 25073 MiB, 23498 MiB
2024/11/23 12:25:04.442, 1, NVIDIA RTX A6000, 0 %, 0 %, 49140 MiB, 15 MiB, 48555 MiB
2024/11/23 12:25:05.442, 0, NVIDIA RTX A6000, 89 %, 50 %, 49140 MiB, 25073 MiB, 23498 MiB
2024/11/23 12:25:05.442, 1, NVIDIA RTX A6000, 0 %, 0 %, 49140 MiB, 15 MiB, 48555 MiB
2024/11/23 12:25:06.442, 0, NVIDIA RTX A6000, 84 %, 30 %, 49140 MiB, 25073 MiB, 23498 MiB
2024/11/23 12:25:06.442, 1, NVIDIA RTX A6000, 0 %, 0 %, 49140 MiB, 15 MiB, 48555 MiB
2024/11/23 12:25:07.442, 0, NVIDIA RTX A6000, 83 %, 28 %, 49140 MiB, 25073 MiB, 23498 MiB
2024/11/23 12:25:07.442, 1, NVIDIA RTX A6000, 0 %, 0 %, 49140 MiB, 15 MiB, 48555 MiB
2024/11/23 12:25:08.494, 0, NVIDIA RTX A6000, 87 %, 40 %, 49140 MiB, 25073 MiB, 23498 MiB
2024/11/23 12:25:08.494, 1, NVIDIA RTX A6000, 0 %, 0 %, 49140 MiB, 15 MiB, 48555 MiB
2024/11/23 12:25:09.495, 0, NVIDIA RTX A6000, 86 %, 37 %, 49140 MiB, 25073 MiB, 23498 MiB
2024/11/23 12:25:09.495, 1, NVIDIA RTX A6000, 0 %, 0 %, 49140 MiB, 15 MiB, 48555 MiB
2024/11/23 12:25:10.495, 0, NVIDIA RTX A6000, 92 %, 64 %, 49140 MiB, 25073 MiB, 23498 MiB
2024/11/23 12:25:10.495, 1, NVIDIA RTX A6000, 0 %, 0 %, 49140 MiB, 15 MiB, 48555 MiB
2024/11/23 12:25:11.495, 0, NVIDIA RTX A6000, 92 %, 72 %, 49140 MiB, 25073 MiB, 23498 MiB
2024/11/23 12:25:11.495, 1, NVIDIA RTX A6000, 0 %, 0 %, 49140 MiB, 15 MiB, 48555 MiB
2024/11/23 12:25:12.495, 0, NVIDIA RTX A6000, 89 %, 50 %, 49140 MiB, 25073 MiB, 23498 MiB
2024/11/23 12:25:12.495, 1, NVIDIA RTX A6000, 0 %, 0 %, 49140 MiB, 15 MiB, 48555 MiB
2024/11/23 12:25:13.620, 0, NVIDIA RTX A6000, 98 %, 96 %, 49140 MiB, 25073 MiB, 23498 MiB
2024/11/23 12:25:13.621, 1, NVIDIA RTX A6000, 0 %, 0 %, 49140 MiB, 15 MiB, 48555 MiB
2024/11/23 12:25:14.621, 0, NVIDIA RTX A6000, 100 %, 88 %, 49140 MiB, 25073 MiB, 23498 MiB
2024/11/23 12:25:14.621, 1, NVIDIA RTX A6000, 0 %, 0 %, 49140 MiB, 15 MiB, 48555 MiB
2024/11/23 12:25:15.621, 0, NVIDIA RTX A6000, 95 %, 75 %, 49140 MiB, 25073 MiB, 23498 MiB
2024/11/23 12:25:15.621, 1, NVIDIA RTX A6000, 0 %, 0 %, 49140 MiB, 15 MiB, 48555 MiB
2024/11/23 12:25:16.621, 0, NVIDIA RTX A6000, 90 %, 56 %, 49140 MiB, 25073 MiB, 23498 MiB
2024/11/23 12:25:16.621, 1, NVIDIA RTX A6000, 0 %, 0 %, 49140 MiB, 15 MiB, 48555 MiB
2024/11/23 12:25:17.621, 0, NVIDIA RTX A6000, 84 %, 35 %, 49140 MiB, 25073 MiB, 23498 MiB
2024/11/23 12:25:17.621, 1, NVIDIA RTX A6000, 0 %, 0 %, 49140 MiB, 15 MiB, 48555 MiB
2024/11/23 12:25:18.749, 0, NVIDIA RTX A6000, 84 %, 22 %, 49140 MiB, 25073 MiB, 23498 MiB
2024/11/23 12:25:18.749, 1, NVIDIA RTX A6000, 0 %, 0 %, 49140 MiB, 15 MiB, 48555 MiB
2024/11/23 12:25:19.749, 0, NVIDIA RTX A6000, 85 %, 33 %, 49140 MiB, 25073 MiB, 23498 MiB
2024/11/23 12:25:19.749, 1, NVIDIA RTX A6000, 0 %, 0 %, 49140 MiB, 15 MiB, 48555 MiB
2024/11/23 12:25:20.749, 0, NVIDIA RTX A6000, 92 %, 68 %, 49140 MiB, 25073 MiB, 23498 MiB
2024/11/23 12:25:20.749, 1, NVIDIA RTX A6000, 0 %, 0 %, 49140 MiB, 15 MiB, 48555 MiB
2024/11/23 12:25:21.749, 0, NVIDIA RTX A6000, 87 %, 41 %, 49140 MiB, 25073 MiB, 23498 MiB
2024/11/23 12:25:21.749, 1, NVIDIA RTX A6000, 0 %, 0 %, 49140 MiB, 15 MiB, 48555 MiB
2024/11/23 12:25:22.750, 0, NVIDIA RTX A6000, 84 %, 27 %, 49140 MiB, 25073 MiB, 23498 MiB
2024/11/23 12:25:22.750, 1, NVIDIA RTX A6000, 1 %, 0 %, 49140 MiB, 15 MiB, 48555 MiB
2024/11/23 12:25:23.750, 0, NVIDIA RTX A6000, 83 %, 26 %, 49140 MiB, 25073 MiB, 23498 MiB
2024/11/23 12:25:23.750, 1, NVIDIA RTX A6000, 0 %, 0 %, 49140 MiB, 15 MiB, 48555 MiB
2024/11/23 12:25:24.750, 0, NVIDIA RTX A6000, 87 %, 38 %, 49140 MiB, 25073 MiB, 23498 MiB
2024/11/23 12:25:24.751, 1, NVIDIA RTX A6000, 0 %, 0 %, 49140 MiB, 15 MiB, 48555 MiB
2024/11/23 12:25:25.751, 0, NVIDIA RTX A6000, 87 %, 40 %, 49140 MiB, 25073 MiB, 23498 MiB
2024/11/23 12:25:25.751, 1, NVIDIA RTX A6000, 0 %, 0 %, 49140 MiB, 15 MiB, 48555 MiB
2024/11/23 12:25:26.751, 0, NVIDIA RTX A6000, 92 %, 62 %, 49140 MiB, 25073 MiB, 23498 MiB
2024/11/23 12:25:26.751, 1, NVIDIA RTX A6000, 0 %, 0 %, 49140 MiB, 15 MiB, 48555 MiB
2024/11/23 12:25:27.751, 0, NVIDIA RTX A6000, 86 %, 37 %, 49140 MiB, 25073 MiB, 23498 MiB
2024/11/23 12:25:27.751, 1, NVIDIA RTX A6000, 0 %, 0 %, 49140 MiB, 15 MiB, 48555 MiB
2024/11/23 12:25:28.848, 0, NVIDIA RTX A6000, 94 %, 79 %, 49140 MiB, 25073 MiB, 23498 MiB
2024/11/23 12:25:28.848, 1, NVIDIA RTX A6000, 0 %, 0 %, 49140 MiB, 15 MiB, 48555 MiB
2024/11/23 12:25:29.848, 0, NVIDIA RTX A6000, 97 %, 89 %, 49140 MiB, 25073 MiB, 23498 MiB
2024/11/23 12:25:29.848, 1, NVIDIA RTX A6000, 0 %, 0 %, 49140 MiB, 15 MiB, 48555 MiB
2024/11/23 12:25:30.848, 0, NVIDIA RTX A6000, 90 %, 57 %, 49140 MiB, 25073 MiB, 23498 MiB
2024/11/23 12:25:30.848, 1, NVIDIA RTX A6000, 0 %, 0 %, 49140 MiB, 15 MiB, 48555 MiB
2024/11/23 12:25:31.848, 0, NVIDIA RTX A6000, 92 %, 73 %, 49140 MiB, 25073 MiB, 23498 MiB
2024/11/23 12:25:31.848, 1, NVIDIA RTX A6000, 0 %, 0 %, 49140 MiB, 15 MiB, 48555 MiB
2024/11/23 12:25:32.848, 0, NVIDIA RTX A6000, 87 %, 39 %, 49140 MiB, 25073 MiB, 23498 MiB
2024/11/23 12:25:32.849, 1, NVIDIA RTX A6000, 0 %, 0 %, 49140 MiB, 15 MiB, 48555 MiB
2024/11/23 12:25:33.963, 0, NVIDIA RTX A6000, 96 %, 85 %, 49140 MiB, 25073 MiB, 23498 MiB
2024/11/23 12:25:33.964, 1, NVIDIA RTX A6000, 0 %, 0 %, 49140 MiB, 15 MiB, 48555 MiB
2024/11/23 12:25:34.964, 0, NVIDIA RTX A6000, 100 %, 99 %, 49140 MiB, 25073 MiB, 23498 MiB
2024/11/23 12:25:34.964, 1, NVIDIA RTX A6000, 0 %, 0 %, 49140 MiB, 15 MiB, 48555 MiB
2024/11/23 12:25:35.964, 0, NVIDIA RTX A6000, 97 %, 80 %, 49140 MiB, 25073 MiB, 23498 MiB
2024/11/23 12:25:35.964, 1, NVIDIA RTX A6000, 0 %, 0 %, 49140 MiB, 15 MiB, 48555 MiB
2024/11/23 12:25:36.964, 0, NVIDIA RTX A6000, 92 %, 65 %, 49140 MiB, 25073 MiB, 23498 MiB
2024/11/23 12:25:36.964, 1, NVIDIA RTX A6000, 0 %, 0 %, 49140 MiB, 15 MiB, 48555 MiB
2024/11/23 12:25:37.964, 0, NVIDIA RTX A6000, 87 %, 40 %, 49140 MiB, 25073 MiB, 23498 MiB
2024/11/23 12:25:37.964, 1, NVIDIA RTX A6000, 0 %, 0 %, 49140 MiB, 15 MiB, 48555 MiB
2024/11/23 12:25:38.964, 0, NVIDIA RTX A6000, 84 %, 26 %, 49140 MiB, 25073 MiB, 23498 MiB
2024/11/23 12:25:38.964, 1, NVIDIA RTX A6000, 0 %, 0 %, 49140 MiB, 15 MiB, 48555 MiB
2024/11/23 12:25:39.965, 0, NVIDIA RTX A6000, 83 %, 26 %, 49140 MiB, 25073 MiB, 23498 MiB
2024/11/23 12:25:39.966, 1, NVIDIA RTX A6000, 0 %, 0 %, 49140 MiB, 15 MiB, 48555 MiB
2024/11/23 12:25:40.966, 0, NVIDIA RTX A6000, 87 %, 37 %, 49140 MiB, 25073 MiB, 23498 MiB
2024/11/23 12:25:40.966, 1, NVIDIA RTX A6000, 0 %, 0 %, 49140 MiB, 15 MiB, 48555 MiB
2024/11/23 12:25:41.966, 0, NVIDIA RTX A6000, 88 %, 41 %, 49140 MiB, 25073 MiB, 23498 MiB
2024/11/23 12:25:41.966, 1, NVIDIA RTX A6000, 0 %, 0 %, 49140 MiB, 15 MiB, 48555 MiB
2024/11/23 12:25:42.966, 0, NVIDIA RTX A6000, 92 %, 63 %, 49140 MiB, 25073 MiB, 23498 MiB
2024/11/23 12:25:42.966, 1, NVIDIA RTX A6000, 0 %, 0 %, 49140 MiB, 15 MiB, 48555 MiB
2024/11/23 12:25:44.024, 0, NVIDIA RTX A6000, 93 %, 72 %, 49140 MiB, 25073 MiB, 23498 MiB
2024/11/23 12:25:44.024, 1, NVIDIA RTX A6000, 0 %, 0 %, 49140 MiB, 15 MiB, 48555 MiB
2024/11/23 12:25:45.024, 0, NVIDIA RTX A6000, 94 %, 79 %, 49140 MiB, 25073 MiB, 23498 MiB
2024/11/23 12:25:45.025, 1, NVIDIA RTX A6000, 0 %, 0 %, 49140 MiB, 15 MiB, 48555 MiB
2024/11/23 12:25:46.025, 0, NVIDIA RTX A6000, 98 %, 91 %, 49140 MiB, 25073 MiB, 23498 MiB
2024/11/23 12:25:46.025, 1, NVIDIA RTX A6000, 0 %, 0 %, 49140 MiB, 15 MiB, 48555 MiB
2024/11/23 12:25:47.025, 0, NVIDIA RTX A6000, 100 %, 95 %, 49140 MiB, 25073 MiB, 23498 MiB
2024/11/23 12:25:47.025, 1, NVIDIA RTX A6000, 0 %, 0 %, 49140 MiB, 15 MiB, 48555 MiB
2024/11/23 12:25:48.025, 0, NVIDIA RTX A6000, 96 %, 79 %, 49140 MiB, 25073 MiB, 23498 MiB
2024/11/23 12:25:48.025, 1, NVIDIA RTX A6000, 0 %, 0 %, 49140 MiB, 15 MiB, 48555 MiB
2024/11/23 12:25:49.149, 0, NVIDIA RTX A6000, 93 %, 74 %, 49140 MiB, 25073 MiB, 23498 MiB
2024/11/23 12:25:49.149, 1, NVIDIA RTX A6000, 0 %, 0 %, 49140 MiB, 15 MiB, 48555 MiB
2024/11/23 12:25:50.149, 0, NVIDIA RTX A6000, 86 %, 41 %, 49140 MiB, 25073 MiB, 23498 MiB
2024/11/23 12:25:50.149, 1, NVIDIA RTX A6000, 0 %, 0 %, 49140 MiB, 15 MiB, 48555 MiB
2024/11/23 12:25:51.149, 0, NVIDIA RTX A6000, 100 %, 100 %, 49140 MiB, 25073 MiB, 23498 MiB
2024/11/23 12:25:51.149, 1, NVIDIA RTX A6000, 0 %, 0 %, 49140 MiB, 15 MiB, 48555 MiB
2024/11/23 12:25:52.149, 0, NVIDIA RTX A6000, 100 %, 88 %, 49140 MiB, 25073 MiB, 23498 MiB
2024/11/23 12:25:52.149, 1, NVIDIA RTX A6000, 0 %, 0 %, 49140 MiB, 15 MiB, 48555 MiB
2024/11/23 12:25:53.150, 0, NVIDIA RTX A6000, 95 %, 75 %, 49140 MiB, 25073 MiB, 23498 MiB
2024/11/23 12:25:53.150, 1, NVIDIA RTX A6000, 0 %, 0 %, 49140 MiB, 15 MiB, 48555 MiB
2024/11/23 12:25:54.233, 0, NVIDIA RTX A6000, 100 %, 88 %, 49140 MiB, 25073 MiB, 23498 MiB
2024/11/23 12:25:54.233, 1, NVIDIA RTX A6000, 0 %, 0 %, 49140 MiB, 15 MiB, 48555 MiB
2024/11/23 12:25:55.233, 0, NVIDIA RTX A6000, 95 %, 75 %, 49140 MiB, 25073 MiB, 23498 MiB
2024/11/23 12:25:55.233, 1, NVIDIA RTX A6000, 0 %, 0 %, 49140 MiB, 15 MiB, 48555 MiB
2024/11/23 12:25:56.233, 0, NVIDIA RTX A6000, 90 %, 58 %, 49140 MiB, 25073 MiB, 23498 MiB
2024/11/23 12:25:56.233, 1, NVIDIA RTX A6000, 0 %, 0 %, 49140 MiB, 15 MiB, 48555 MiB
2024/11/23 12:25:57.233, 0, NVIDIA RTX A6000, 86 %, 36 %, 49140 MiB, 25073 MiB, 23498 MiB
2024/11/23 12:25:57.234, 1, NVIDIA RTX A6000, 0 %, 0 %, 49140 MiB, 15 MiB, 48555 MiB
2024/11/23 12:25:58.234, 0, NVIDIA RTX A6000, 84 %, 21 %, 49140 MiB, 25073 MiB, 23498 MiB
2024/11/23 12:25:58.234, 1, NVIDIA RTX A6000, 0 %, 0 %, 49140 MiB, 15 MiB, 48555 MiB
2024/11/23 12:25:59.278, 0, NVIDIA RTX A6000, 84 %, 31 %, 49140 MiB, 25073 MiB, 23498 MiB
2024/11/23 12:25:59.278, 1, NVIDIA RTX A6000, 0 %, 0 %, 49140 MiB, 15 MiB, 48555 MiB
2024/11/23 12:26:00.278, 0, NVIDIA RTX A6000, 86 %, 37 %, 49140 MiB, 25073 MiB, 23498 MiB
2024/11/23 12:26:00.278, 1, NVIDIA RTX A6000, 0 %, 0 %, 49140 MiB, 15 MiB, 48555 MiB
2024/11/23 12:26:01.278, 0, NVIDIA RTX A6000, 100 %, 98 %, 49140 MiB, 25073 MiB, 23498 MiB
2024/11/23 12:26:01.278, 1, NVIDIA RTX A6000, 0 %, 0 %, 49140 MiB, 15 MiB, 48555 MiB
2024/11/23 12:26:02.279, 0, NVIDIA RTX A6000, 97 %, 80 %, 49140 MiB, 25073 MiB, 23498 MiB
2024/11/23 12:26:02.279, 1, NVIDIA RTX A6000, 0 %, 0 %, 49140 MiB, 15 MiB, 48555 MiB
2024/11/23 12:26:03.279, 0, NVIDIA RTX A6000, 87 %, 37 %, 49140 MiB, 25073 MiB, 23498 MiB
2024/11/23 12:26:03.279, 1, NVIDIA RTX A6000, 0 %, 0 %, 49140 MiB, 15 MiB, 48555 MiB
2024/11/23 12:26:04.393, 0, NVIDIA RTX A6000, 94 %, 80 %, 49140 MiB, 25073 MiB, 23498 MiB
2024/11/23 12:26:04.393, 1, NVIDIA RTX A6000, 0 %, 0 %, 49140 MiB, 15 MiB, 48555 MiB
2024/11/23 12:26:05.393, 0, NVIDIA RTX A6000, 99 %, 98 %, 49140 MiB, 25073 MiB, 23498 MiB
2024/11/23 12:26:05.393, 1, NVIDIA RTX A6000, 0 %, 0 %, 49140 MiB, 15 MiB, 48555 MiB
2024/11/23 12:26:06.393, 0, NVIDIA RTX A6000, 100 %, 88 %, 49140 MiB, 25073 MiB, 23498 MiB
2024/11/23 12:26:06.393, 1, NVIDIA RTX A6000, 0 %, 0 %, 49140 MiB, 15 MiB, 48555 MiB
2024/11/23 12:26:07.393, 0, NVIDIA RTX A6000, 95 %, 76 %, 49140 MiB, 25073 MiB, 23498 MiB
2024/11/23 12:26:07.393, 1, NVIDIA RTX A6000, 0 %, 0 %, 49140 MiB, 15 MiB, 48555 MiB
2024/11/23 12:26:08.393, 0, NVIDIA RTX A6000, 100 %, 100 %, 49140 MiB, 25073 MiB, 23498 MiB
2024/11/23 12:26:08.393, 1, NVIDIA RTX A6000, 0 %, 0 %, 49140 MiB, 15 MiB, 48555 MiB
2024/11/23 12:26:09.512, 0, NVIDIA RTX A6000, 97 %, 88 %, 49140 MiB, 25073 MiB, 23498 MiB
2024/11/23 12:26:09.512, 1, NVIDIA RTX A6000, 0 %, 0 %, 49140 MiB, 15 MiB, 48555 MiB
2024/11/23 12:26:10.512, 0, NVIDIA RTX A6000, 100 %, 98 %, 49140 MiB, 25073 MiB, 23498 MiB
2024/11/23 12:26:10.513, 1, NVIDIA RTX A6000, 0 %, 0 %, 49140 MiB, 15 MiB, 48555 MiB
2024/11/23 12:26:11.513, 0, NVIDIA RTX A6000, 97 %, 81 %, 49140 MiB, 25073 MiB, 23498 MiB
2024/11/23 12:26:11.513, 1, NVIDIA RTX A6000, 0 %, 0 %, 49140 MiB, 15 MiB, 48555 MiB
2024/11/23 12:26:12.513, 0, NVIDIA RTX A6000, 92 %, 68 %, 49140 MiB, 25073 MiB, 23498 MiB
2024/11/23 12:26:12.513, 1, NVIDIA RTX A6000, 0 %, 0 %, 49140 MiB, 15 MiB, 48555 MiB
2024/11/23 12:26:13.513, 0, NVIDIA RTX A6000, 89 %, 53 %, 49140 MiB, 25073 MiB, 23498 MiB
2024/11/23 12:26:13.513, 1, NVIDIA RTX A6000, 0 %, 0 %, 49140 MiB, 15 MiB, 48555 MiB
2024/11/23 12:26:14.513, 0, NVIDIA RTX A6000, 92 %, 69 %, 49140 MiB, 25073 MiB, 23498 MiB
2024/11/23 12:26:14.513, 1, NVIDIA RTX A6000, 0 %, 0 %, 49140 MiB, 15 MiB, 48555 MiB
2024/11/23 12:26:15.513, 0, NVIDIA RTX A6000, 94 %, 77 %, 49140 MiB, 25073 MiB, 23498 MiB
2024/11/23 12:26:15.514, 1, NVIDIA RTX A6000, 0 %, 0 %, 49140 MiB, 15 MiB, 48555 MiB
2024/11/23 12:26:16.514, 0, NVIDIA RTX A6000, 87 %, 40 %, 49140 MiB, 25073 MiB, 23498 MiB
2024/11/23 12:26:16.514, 1, NVIDIA RTX A6000, 0 %, 0 %, 49140 MiB, 15 MiB, 48555 MiB
2024/11/23 12:26:17.514, 0, NVIDIA RTX A6000, 87 %, 38 %, 49140 MiB, 25073 MiB, 23498 MiB
2024/11/23 12:26:17.514, 1, NVIDIA RTX A6000, 0 %, 0 %, 49140 MiB, 15 MiB, 48555 MiB
2024/11/23 12:26:18.514, 0, NVIDIA RTX A6000, 92 %, 61 %, 49140 MiB, 25073 MiB, 23498 MiB
2024/11/23 12:26:18.514, 1, NVIDIA RTX A6000, 0 %, 0 %, 49140 MiB, 15 MiB, 48555 MiB
2024/11/23 12:26:19.592, 0, NVIDIA RTX A6000, 92 %, 74 %, 49140 MiB, 25073 MiB, 23498 MiB
2024/11/23 12:26:19.593, 1, NVIDIA RTX A6000, 0 %, 0 %, 49140 MiB, 15 MiB, 48555 MiB
2024/11/23 12:26:20.593, 0, NVIDIA RTX A6000, 94 %, 79 %, 49140 MiB, 25073 MiB, 23498 MiB
2024/11/23 12:26:20.593, 1, NVIDIA RTX A6000, 0 %, 0 %, 49140 MiB, 15 MiB, 48555 MiB
2024/11/23 12:26:21.593, 0, NVIDIA RTX A6000, 97 %, 88 %, 49140 MiB, 25073 MiB, 23498 MiB
2024/11/23 12:26:21.593, 1, NVIDIA RTX A6000, 0 %, 0 %, 49140 MiB, 15 MiB, 48555 MiB
2024/11/23 12:26:22.593, 0, NVIDIA RTX A6000, 100 %, 97 %, 49140 MiB, 25073 MiB, 23498 MiB
2024/11/23 12:26:22.593, 1, NVIDIA RTX A6000, 0 %, 0 %, 49140 MiB, 15 MiB, 48555 MiB
2024/11/23 12:26:23.593, 0, NVIDIA RTX A6000, 97 %, 80 %, 49140 MiB, 25073 MiB, 23498 MiB
2024/11/23 12:26:23.594, 1, NVIDIA RTX A6000, 0 %, 0 %, 49140 MiB, 15 MiB, 48555 MiB
2024/11/23 12:26:24.729, 0, NVIDIA RTX A6000, 92 %, 73 %, 49140 MiB, 25073 MiB, 23498 MiB
2024/11/23 12:26:24.729, 1, NVIDIA RTX A6000, 0 %, 0 %, 49140 MiB, 15 MiB, 48555 MiB
2024/11/23 12:26:25.729, 0, NVIDIA RTX A6000, 94 %, 80 %, 49140 MiB, 25073 MiB, 23498 MiB
2024/11/23 12:26:25.729, 1, NVIDIA RTX A6000, 0 %, 0 %, 49140 MiB, 15 MiB, 48555 MiB
2024/11/23 12:26:26.729, 0, NVIDIA RTX A6000, 84 %, 27 %, 49140 MiB, 25073 MiB, 23498 MiB
2024/11/23 12:26:26.729, 1, NVIDIA RTX A6000, 0 %, 0 %, 49140 MiB, 15 MiB, 48555 MiB
2024/11/23 12:26:27.729, 0, NVIDIA RTX A6000, 83 %, 26 %, 49140 MiB, 25073 MiB, 23498 MiB
2024/11/23 12:26:27.729, 1, NVIDIA RTX A6000, 0 %, 0 %, 49140 MiB, 15 MiB, 48555 MiB
2024/11/23 12:26:28.730, 0, NVIDIA RTX A6000, 86 %, 38 %, 49140 MiB, 25073 MiB, 23498 MiB
2024/11/23 12:26:28.730, 1, NVIDIA RTX A6000, 0 %, 0 %, 49140 MiB, 15 MiB, 48555 MiB
2024/11/23 12:26:29.802, 0, NVIDIA RTX A6000, 90 %, 55 %, 49140 MiB, 25073 MiB, 23498 MiB
2024/11/23 12:26:29.802, 1, NVIDIA RTX A6000, 0 %, 0 %, 49140 MiB, 15 MiB, 48555 MiB
2024/11/23 12:26:30.802, 0, NVIDIA RTX A6000, 97 %, 85 %, 49140 MiB, 25073 MiB, 23498 MiB
2024/11/23 12:26:30.802, 1, NVIDIA RTX A6000, 0 %, 0 %, 49140 MiB, 15 MiB, 48555 MiB
2024/11/23 12:26:31.802, 0, NVIDIA RTX A6000, 83 %, 21 %, 49140 MiB, 25073 MiB, 23498 MiB
2024/11/23 12:26:31.802, 1, NVIDIA RTX A6000, 0 %, 0 %, 49140 MiB, 15 MiB, 48555 MiB
2024/11/23 12:26:32.803, 0, NVIDIA RTX A6000, 85 %, 33 %, 49140 MiB, 25073 MiB, 23498 MiB
2024/11/23 12:26:32.803, 1, NVIDIA RTX A6000, 0 %, 0 %, 49140 MiB, 15 MiB, 48555 MiB
2024/11/23 12:26:33.803, 0, NVIDIA RTX A6000, 86 %, 37 %, 49140 MiB, 25073 MiB, 23498 MiB
2024/11/23 12:26:33.803, 1, NVIDIA RTX A6000, 0 %, 0 %, 49140 MiB, 15 MiB, 48555 MiB
2024/11/23 12:26:34.810, 0, NVIDIA RTX A6000, 89 %, 49 %, 49140 MiB, 25073 MiB, 23498 MiB
2024/11/23 12:26:34.810, 1, NVIDIA RTX A6000, 0 %, 0 %, 49140 MiB, 15 MiB, 48555 MiB
2024/11/23 12:26:35.810, 0, NVIDIA RTX A6000, 92 %, 66 %, 49140 MiB, 25073 MiB, 23498 MiB
2024/11/23 12:26:35.810, 1, NVIDIA RTX A6000, 0 %, 0 %, 49140 MiB, 15 MiB, 48555 MiB
2024/11/23 12:26:36.811, 0, NVIDIA RTX A6000, 92 %, 74 %, 49140 MiB, 25073 MiB, 23498 MiB
2024/11/23 12:26:36.811, 1, NVIDIA RTX A6000, 0 %, 0 %, 49140 MiB, 15 MiB, 48555 MiB
2024/11/23 12:26:37.811, 0, NVIDIA RTX A6000, 87 %, 41 %, 49140 MiB, 25073 MiB, 23498 MiB
2024/11/23 12:26:37.811, 1, NVIDIA RTX A6000, 0 %, 0 %, 49140 MiB, 15 MiB, 48555 MiB
2024/11/23 12:26:38.811, 0, NVIDIA RTX A6000, 85 %, 28 %, 49140 MiB, 25073 MiB, 23498 MiB
2024/11/23 12:26:38.811, 1, NVIDIA RTX A6000, 0 %, 0 %, 49140 MiB, 15 MiB, 48555 MiB
2024/11/23 12:26:39.937, 0, NVIDIA RTX A6000, 91 %, 57 %, 49140 MiB, 25073 MiB, 23498 MiB
2024/11/23 12:26:39.937, 1, NVIDIA RTX A6000, 0 %, 0 %, 49140 MiB, 15 MiB, 48555 MiB
2024/11/23 12:26:40.937, 0, NVIDIA RTX A6000, 92 %, 73 %, 49140 MiB, 25073 MiB, 23498 MiB
2024/11/23 12:26:40.937, 1, NVIDIA RTX A6000, 0 %, 0 %, 49140 MiB, 15 MiB, 48555 MiB
2024/11/23 12:26:41.937, 0, NVIDIA RTX A6000, 94 %, 79 %, 49140 MiB, 25073 MiB, 23498 MiB
2024/11/23 12:26:41.937, 1, NVIDIA RTX A6000, 0 %, 0 %, 49140 MiB, 15 MiB, 48555 MiB
2024/11/23 12:26:42.937, 0, NVIDIA RTX A6000, 96 %, 84 %, 49140 MiB, 25073 MiB, 23498 MiB
2024/11/23 12:26:42.937, 1, NVIDIA RTX A6000, 0 %, 0 %, 49140 MiB, 15 MiB, 48555 MiB
2024/11/23 12:26:43.938, 0, NVIDIA RTX A6000, 100 %, 100 %, 49140 MiB, 25073 MiB, 23498 MiB
2024/11/23 12:26:43.938, 1, NVIDIA RTX A6000, 0 %, 0 %, 49140 MiB, 15 MiB, 48555 MiB
2024/11/23 12:26:45.046, 0, NVIDIA RTX A6000, 98 %, 84 %, 49140 MiB, 25073 MiB, 23498 MiB
2024/11/23 12:26:45.046, 1, NVIDIA RTX A6000, 0 %, 0 %, 49140 MiB, 15 MiB, 48555 MiB
2024/11/23 12:26:46.046, 0, NVIDIA RTX A6000, 93 %, 71 %, 49140 MiB, 25073 MiB, 23498 MiB
2024/11/23 12:26:46.047, 1, NVIDIA RTX A6000, 0 %, 0 %, 49140 MiB, 15 MiB, 48555 MiB
2024/11/23 12:26:47.047, 0, NVIDIA RTX A6000, 87 %, 44 %, 49140 MiB, 25073 MiB, 23498 MiB
2024/11/23 12:26:47.047, 1, NVIDIA RTX A6000, 0 %, 0 %, 49140 MiB, 15 MiB, 48555 MiB
2024/11/23 12:26:48.047, 0, NVIDIA RTX A6000, 85 %, 30 %, 49140 MiB, 25073 MiB, 23498 MiB
2024/11/23 12:26:48.047, 1, NVIDIA RTX A6000, 0 %, 0 %, 49140 MiB, 15 MiB, 48555 MiB
2024/11/23 12:26:49.047, 0, NVIDIA RTX A6000, 84 %, 28 %, 49140 MiB, 25073 MiB, 23498 MiB
2024/11/23 12:26:49.047, 1, NVIDIA RTX A6000, 0 %, 0 %, 49140 MiB, 15 MiB, 48555 MiB
2024/11/23 12:26:50.048, 0, NVIDIA RTX A6000, 87 %, 41 %, 49140 MiB, 25073 MiB, 23498 MiB
2024/11/23 12:26:50.049, 1, NVIDIA RTX A6000, 0 %, 0 %, 49140 MiB, 15 MiB, 48555 MiB
2024/11/23 12:26:51.049, 0, NVIDIA RTX A6000, 86 %, 37 %, 49140 MiB, 25073 MiB, 23498 MiB
2024/11/23 12:26:51.049, 1, NVIDIA RTX A6000, 0 %, 0 %, 49140 MiB, 15 MiB, 48555 MiB
2024/11/23 12:26:52.049, 0, NVIDIA RTX A6000, 91 %, 61 %, 49140 MiB, 25073 MiB, 23498 MiB
2024/11/23 12:26:52.049, 1, NVIDIA RTX A6000, 0 %, 0 %, 49140 MiB, 15 MiB, 48555 MiB
2024/11/23 12:26:53.049, 0, NVIDIA RTX A6000, 92 %, 74 %, 49140 MiB, 25073 MiB, 23498 MiB
2024/11/23 12:26:53.049, 1, NVIDIA RTX A6000, 0 %, 0 %, 49140 MiB, 15 MiB, 48555 MiB
2024/11/23 12:26:54.049, 0, NVIDIA RTX A6000, 94 %, 79 %, 49140 MiB, 25073 MiB, 23498 MiB
2024/11/23 12:26:54.049, 1, NVIDIA RTX A6000, 0 %, 0 %, 49140 MiB, 15 MiB, 48555 MiB
2024/11/23 12:26:55.086, 0, NVIDIA RTX A6000, 97 %, 87 %, 49140 MiB, 25073 MiB, 23498 MiB
2024/11/23 12:26:55.087, 1, NVIDIA RTX A6000, 0 %, 0 %, 49140 MiB, 15 MiB, 48555 MiB
2024/11/23 12:26:56.087, 0, NVIDIA RTX A6000, 100 %, 98 %, 49140 MiB, 25073 MiB, 23498 MiB
2024/11/23 12:26:56.087, 1, NVIDIA RTX A6000, 0 %, 0 %, 49140 MiB, 15 MiB, 48555 MiB
2024/11/23 12:26:57.087, 0, NVIDIA RTX A6000, 92 %, 65 %, 49140 MiB, 25073 MiB, 23498 MiB
2024/11/23 12:26:57.087, 1, NVIDIA RTX A6000, 0 %, 0 %, 49140 MiB, 15 MiB, 48555 MiB
2024/11/23 12:26:58.087, 0, NVIDIA RTX A6000, 93 %, 73 %, 49140 MiB, 25073 MiB, 23498 MiB
2024/11/23 12:26:58.087, 1, NVIDIA RTX A6000, 0 %, 0 %, 49140 MiB, 15 MiB, 48555 MiB
2024/11/23 12:26:59.087, 0, NVIDIA RTX A6000, 95 %, 80 %, 49140 MiB, 25073 MiB, 23498 MiB
2024/11/23 12:26:59.087, 1, NVIDIA RTX A6000, 0 %, 0 %, 49140 MiB, 15 MiB, 48555 MiB
2024/11/23 12:27:00.208, 0, NVIDIA RTX A6000, 99 %, 99 %, 49140 MiB, 25073 MiB, 23498 MiB
2024/11/23 12:27:00.208, 1, NVIDIA RTX A6000, 0 %, 0 %, 49140 MiB, 15 MiB, 48555 MiB
2024/11/23 12:27:01.208, 0, NVIDIA RTX A6000, 100 %, 89 %, 49140 MiB, 25073 MiB, 23498 MiB
2024/11/23 12:27:01.208, 1, NVIDIA RTX A6000, 0 %, 0 %, 49140 MiB, 15 MiB, 48555 MiB
2024/11/23 12:27:02.208, 0, NVIDIA RTX A6000, 95 %, 75 %, 49140 MiB, 25073 MiB, 23498 MiB
2024/11/23 12:27:02.209, 1, NVIDIA RTX A6000, 0 %, 0 %, 49140 MiB, 15 MiB, 48555 MiB
2024/11/23 12:27:03.209, 0, NVIDIA RTX A6000, 90 %, 55 %, 49140 MiB, 25073 MiB, 23498 MiB
2024/11/23 12:27:03.209, 1, NVIDIA RTX A6000, 0 %, 0 %, 49140 MiB, 15 MiB, 48555 MiB
2024/11/23 12:27:04.209, 0, NVIDIA RTX A6000, 85 %, 35 %, 49140 MiB, 25073 MiB, 23498 MiB
2024/11/23 12:27:04.209, 1, NVIDIA RTX A6000, 0 %, 0 %, 49140 MiB, 15 MiB, 48555 MiB
2024/11/23 12:27:05.308, 0, NVIDIA RTX A6000, 84 %, 22 %, 49140 MiB, 25073 MiB, 23498 MiB
2024/11/23 12:27:05.308, 1, NVIDIA RTX A6000, 0 %, 0 %, 49140 MiB, 15 MiB, 48555 MiB
2024/11/23 12:27:06.308, 0, NVIDIA RTX A6000, 86 %, 35 %, 49140 MiB, 25073 MiB, 23498 MiB
2024/11/23 12:27:06.308, 1, NVIDIA RTX A6000, 0 %, 0 %, 49140 MiB, 15 MiB, 48555 MiB
2024/11/23 12:27:07.308, 0, NVIDIA RTX A6000, 92 %, 67 %, 49140 MiB, 25073 MiB, 23498 MiB
2024/11/23 12:27:07.308, 1, NVIDIA RTX A6000, 0 %, 0 %, 49140 MiB, 15 MiB, 48555 MiB
2024/11/23 12:27:08.308, 0, NVIDIA RTX A6000, 87 %, 41 %, 49140 MiB, 25073 MiB, 23498 MiB
2024/11/23 12:27:08.308, 1, NVIDIA RTX A6000, 0 %, 0 %, 49140 MiB, 15 MiB, 48555 MiB
2024/11/23 12:27:09.309, 0, NVIDIA RTX A6000, 84 %, 28 %, 49140 MiB, 25073 MiB, 23498 MiB
2024/11/23 12:27:09.309, 1, NVIDIA RTX A6000, 0 %, 0 %, 49140 MiB, 15 MiB, 48555 MiB
2024/11/23 12:27:10.309, 0, NVIDIA RTX A6000, 83 %, 27 %, 49140 MiB, 25073 MiB, 23498 MiB
2024/11/23 12:27:10.309, 1, NVIDIA RTX A6000, 0 %, 0 %, 49140 MiB, 15 MiB, 48555 MiB
2024/11/23 12:27:11.309, 0, NVIDIA RTX A6000, 86 %, 38 %, 49140 MiB, 25073 MiB, 23498 MiB
2024/11/23 12:27:11.309, 1, NVIDIA RTX A6000, 0 %, 0 %, 49140 MiB, 15 MiB, 48555 MiB
2024/11/23 12:27:12.309, 0, NVIDIA RTX A6000, 87 %, 39 %, 49140 MiB, 25073 MiB, 23498 MiB
2024/11/23 12:27:12.309, 1, NVIDIA RTX A6000, 0 %, 0 %, 49140 MiB, 15 MiB, 48555 MiB
2024/11/23 12:27:13.310, 0, NVIDIA RTX A6000, 92 %, 62 %, 49140 MiB, 25073 MiB, 23498 MiB
2024/11/23 12:27:13.310, 1, NVIDIA RTX A6000, 0 %, 0 %, 49140 MiB, 15 MiB, 48555 MiB
2024/11/23 12:27:14.310, 0, NVIDIA RTX A6000, 86 %, 37 %, 49140 MiB, 25073 MiB, 23498 MiB
2024/11/23 12:27:14.310, 1, NVIDIA RTX A6000, 0 %, 0 %, 49140 MiB, 15 MiB, 48555 MiB
2024/11/23 12:27:15.394, 0, NVIDIA RTX A6000, 94 %, 79 %, 49140 MiB, 25073 MiB, 23498 MiB
2024/11/23 12:27:15.394, 1, NVIDIA RTX A6000, 0 %, 0 %, 49140 MiB, 15 MiB, 48555 MiB
2024/11/23 12:27:16.394, 0, NVIDIA RTX A6000, 97 %, 89 %, 49140 MiB, 25073 MiB, 23498 MiB
2024/11/23 12:27:16.395, 1, NVIDIA RTX A6000, 0 %, 0 %, 49140 MiB, 15 MiB, 48555 MiB
2024/11/23 12:27:17.395, 0, NVIDIA RTX A6000, 89 %, 49 %, 49140 MiB, 25073 MiB, 23498 MiB
2024/11/23 12:27:17.395, 1, NVIDIA RTX A6000, 0 %, 0 %, 49140 MiB, 15 MiB, 48555 MiB
2024/11/23 12:27:18.395, 0, NVIDIA RTX A6000, 92 %, 65 %, 49140 MiB, 25073 MiB, 23498 MiB
2024/11/23 12:27:18.395, 1, NVIDIA RTX A6000, 0 %, 0 %, 49140 MiB, 15 MiB, 48555 MiB
2024/11/23 12:27:19.395, 0, NVIDIA RTX A6000, 86 %, 37 %, 49140 MiB, 25073 MiB, 23498 MiB
2024/11/23 12:27:19.395, 1, NVIDIA RTX A6000, 0 %, 0 %, 49140 MiB, 15 MiB, 48555 MiB
2024/11/23 12:27:20.543, 0, NVIDIA RTX A6000, 94 %, 80 %, 49140 MiB, 25073 MiB, 23498 MiB
2024/11/23 12:27:20.543, 1, NVIDIA RTX A6000, 0 %, 0 %, 49140 MiB, 15 MiB, 48555 MiB
2024/11/23 12:27:21.544, 0, NVIDIA RTX A6000, 99 %, 98 %, 49140 MiB, 25073 MiB, 23498 MiB
2024/11/23 12:27:21.544, 1, NVIDIA RTX A6000, 0 %, 0 %, 49140 MiB, 15 MiB, 48555 MiB
2024/11/23 12:27:22.544, 0, NVIDIA RTX A6000, 100 %, 88 %, 49140 MiB, 25073 MiB, 23498 MiB
2024/11/23 12:27:22.544, 1, NVIDIA RTX A6000, 0 %, 0 %, 49140 MiB, 15 MiB, 48555 MiB
2024/11/23 12:27:23.544, 0, NVIDIA RTX A6000, 95 %, 76 %, 49140 MiB, 25073 MiB, 23498 MiB
2024/11/23 12:27:23.544, 1, NVIDIA RTX A6000, 0 %, 0 %, 49140 MiB, 15 MiB, 48555 MiB
2024/11/23 12:27:24.544, 0, NVIDIA RTX A6000, 90 %, 53 %, 49140 MiB, 25073 MiB, 23498 MiB
2024/11/23 12:27:24.544, 1, NVIDIA RTX A6000, 0 %, 0 %, 49140 MiB, 15 MiB, 48555 MiB
2024/11/23 12:27:25.582, 0, NVIDIA RTX A6000, 84 %, 34 %, 49140 MiB, 25073 MiB, 23498 MiB
2024/11/23 12:27:25.583, 1, NVIDIA RTX A6000, 0 %, 0 %, 49140 MiB, 15 MiB, 48555 MiB
2024/11/23 12:27:26.583, 0, NVIDIA RTX A6000, 84 %, 24 %, 49140 MiB, 25073 MiB, 23498 MiB
2024/11/23 12:27:26.583, 1, NVIDIA RTX A6000, 0 %, 0 %, 49140 MiB, 15 MiB, 48555 MiB
2024/11/23 12:27:27.583, 0, NVIDIA RTX A6000, 86 %, 35 %, 49140 MiB, 25073 MiB, 23498 MiB
2024/11/23 12:27:27.583, 1, NVIDIA RTX A6000, 0 %, 0 %, 49140 MiB, 15 MiB, 48555 MiB
2024/11/23 12:27:28.583, 0, NVIDIA RTX A6000, 87 %, 37 %, 49140 MiB, 25073 MiB, 23498 MiB
2024/11/23 12:27:28.583, 1, NVIDIA RTX A6000, 0 %, 0 %, 49140 MiB, 15 MiB, 48555 MiB
2024/11/23 12:27:29.583, 0, NVIDIA RTX A6000, 89 %, 52 %, 49140 MiB, 25073 MiB, 23498 MiB
2024/11/23 12:27:29.583, 1, NVIDIA RTX A6000, 0 %, 0 %, 49140 MiB, 15 MiB, 48555 MiB
2024/11/23 12:27:30.601, 0, NVIDIA RTX A6000, 92 %, 69 %, 49140 MiB, 25073 MiB, 23498 MiB
2024/11/23 12:27:30.601, 1, NVIDIA RTX A6000, 0 %, 0 %, 49140 MiB, 15 MiB, 48555 MiB
2024/11/23 12:27:31.601, 0, NVIDIA RTX A6000, 93 %, 76 %, 49140 MiB, 25073 MiB, 23498 MiB
2024/11/23 12:27:31.601, 1, NVIDIA RTX A6000, 0 %, 0 %, 49140 MiB, 15 MiB, 48555 MiB
2024/11/23 12:27:32.601, 0, NVIDIA RTX A6000, 95 %, 80 %, 49140 MiB, 25073 MiB, 23498 MiB
2024/11/23 12:27:32.601, 1, NVIDIA RTX A6000, 0 %, 0 %, 49140 MiB, 15 MiB, 48555 MiB
2024/11/23 12:27:33.601, 0, NVIDIA RTX A6000, 100 %, 100 %, 49140 MiB, 25073 MiB, 23498 MiB
2024/11/23 12:27:33.601, 1, NVIDIA RTX A6000, 0 %, 0 %, 49140 MiB, 15 MiB, 48555 MiB
2024/11/23 12:27:34.601, 0, NVIDIA RTX A6000, 99 %, 89 %, 49140 MiB, 25073 MiB, 23498 MiB
2024/11/23 12:27:34.601, 1, NVIDIA RTX A6000, 0 %, 0 %, 49140 MiB, 15 MiB, 48555 MiB
2024/11/23 12:27:35.711, 0, NVIDIA RTX A6000, 92 %, 74 %, 49140 MiB, 25073 MiB, 23498 MiB
2024/11/23 12:27:35.711, 1, NVIDIA RTX A6000, 0 %, 0 %, 49140 MiB, 15 MiB, 48555 MiB
2024/11/23 12:27:36.712, 0, NVIDIA RTX A6000, 94 %, 79 %, 49140 MiB, 25073 MiB, 23498 MiB
2024/11/23 12:27:36.712, 1, NVIDIA RTX A6000, 0 %, 0 %, 49140 MiB, 15 MiB, 48555 MiB
2024/11/23 12:27:37.712, 0, NVIDIA RTX A6000, 85 %, 34 %, 49140 MiB, 25073 MiB, 23498 MiB
2024/11/23 12:27:37.712, 1, NVIDIA RTX A6000, 0 %, 0 %, 49140 MiB, 15 MiB, 48555 MiB
2024/11/23 12:27:38.712, 0, NVIDIA RTX A6000, 100 %, 98 %, 49140 MiB, 25073 MiB, 23498 MiB
2024/11/23 12:27:38.712, 1, NVIDIA RTX A6000, 0 %, 0 %, 49140 MiB, 15 MiB, 48555 MiB
2024/11/23 12:27:39.712, 0, NVIDIA RTX A6000, 97 %, 81 %, 49140 MiB, 25073 MiB, 23498 MiB
2024/11/23 12:27:39.712, 1, NVIDIA RTX A6000, 0 %, 0 %, 49140 MiB, 15 MiB, 48555 MiB
2024/11/23 12:27:40.819, 0, NVIDIA RTX A6000, 93 %, 74 %, 49140 MiB, 25073 MiB, 23498 MiB
2024/11/23 12:27:40.819, 1, NVIDIA RTX A6000, 0 %, 0 %, 49140 MiB, 15 MiB, 48555 MiB
2024/11/23 12:27:41.819, 0, NVIDIA RTX A6000, 95 %, 80 %, 49140 MiB, 25073 MiB, 23498 MiB
2024/11/23 12:27:41.819, 1, NVIDIA RTX A6000, 0 %, 0 %, 49140 MiB, 15 MiB, 48555 MiB
2024/11/23 12:27:42.819, 0, NVIDIA RTX A6000, 84 %, 25 %, 49140 MiB, 25073 MiB, 23498 MiB
2024/11/23 12:27:42.820, 1, NVIDIA RTX A6000, 0 %, 0 %, 49140 MiB, 15 MiB, 48555 MiB
2024/11/23 12:27:43.820, 0, NVIDIA RTX A6000, 84 %, 27 %, 49140 MiB, 25073 MiB, 23498 MiB
2024/11/23 12:27:43.820, 1, NVIDIA RTX A6000, 0 %, 0 %, 49140 MiB, 15 MiB, 48555 MiB
2024/11/23 12:27:44.820, 0, NVIDIA RTX A6000, 87 %, 37 %, 49140 MiB, 25073 MiB, 23498 MiB
2024/11/23 12:27:44.820, 1, NVIDIA RTX A6000, 0 %, 0 %, 49140 MiB, 15 MiB, 48555 MiB
2024/11/23 12:27:45.820, 0, NVIDIA RTX A6000, 87 %, 44 %, 49140 MiB, 25073 MiB, 23498 MiB
2024/11/23 12:27:45.820, 1, NVIDIA RTX A6000, 0 %, 0 %, 49140 MiB, 15 MiB, 48555 MiB
2024/11/23 12:27:46.820, 0, NVIDIA RTX A6000, 92 %, 65 %, 49140 MiB, 25073 MiB, 23498 MiB
2024/11/23 12:27:46.820, 1, NVIDIA RTX A6000, 0 %, 0 %, 49140 MiB, 15 MiB, 48555 MiB
2024/11/23 12:27:47.820, 0, NVIDIA RTX A6000, 92 %, 71 %, 49140 MiB, 25073 MiB, 23498 MiB
2024/11/23 12:27:47.821, 1, NVIDIA RTX A6000, 0 %, 0 %, 49140 MiB, 15 MiB, 48555 MiB
2024/11/23 12:27:48.821, 0, NVIDIA RTX A6000, 94 %, 80 %, 49140 MiB, 25073 MiB, 23498 MiB
2024/11/23 12:27:48.821, 1, NVIDIA RTX A6000, 0 %, 0 %, 49140 MiB, 15 MiB, 48555 MiB
2024/11/23 12:27:49.821, 0, NVIDIA RTX A6000, 87 %, 37 %, 49140 MiB, 25073 MiB, 23498 MiB
2024/11/23 12:27:49.821, 1, NVIDIA RTX A6000, 0 %, 0 %, 49140 MiB, 15 MiB, 48555 MiB
2024/11/23 12:27:50.903, 0, NVIDIA RTX A6000, 90 %, 55 %, 49140 MiB, 25073 MiB, 23498 MiB
2024/11/23 12:27:50.903, 1, NVIDIA RTX A6000, 0 %, 0 %, 49140 MiB, 15 MiB, 48555 MiB
2024/11/23 12:27:51.903, 0, NVIDIA RTX A6000, 92 %, 70 %, 49140 MiB, 25073 MiB, 23498 MiB
2024/11/23 12:27:51.903, 1, NVIDIA RTX A6000, 0 %, 0 %, 49140 MiB, 15 MiB, 48555 MiB
2024/11/23 12:27:52.903, 0, NVIDIA RTX A6000, 94 %, 79 %, 49140 MiB, 25073 MiB, 23498 MiB
2024/11/23 12:27:52.903, 1, NVIDIA RTX A6000, 0 %, 0 %, 49140 MiB, 15 MiB, 48555 MiB
2024/11/23 12:27:53.903, 0, NVIDIA RTX A6000, 96 %, 84 %, 49140 MiB, 25073 MiB, 23498 MiB
2024/11/23 12:27:53.903, 1, NVIDIA RTX A6000, 0 %, 0 %, 49140 MiB, 15 MiB, 48555 MiB
2024/11/23 12:27:54.903, 0, NVIDIA RTX A6000, 100 %, 100 %, 49140 MiB, 25073 MiB, 23498 MiB
2024/11/23 12:27:54.904, 1, NVIDIA RTX A6000, 0 %, 0 %, 49140 MiB, 15 MiB, 48555 MiB
2024/11/23 12:27:56.020, 0, NVIDIA RTX A6000, 98 %, 84 %, 49140 MiB, 25073 MiB, 23498 MiB
2024/11/23 12:27:56.020, 1, NVIDIA RTX A6000, 0 %, 0 %, 49140 MiB, 15 MiB, 48555 MiB
2024/11/23 12:27:57.020, 0, NVIDIA RTX A6000, 93 %, 69 %, 49140 MiB, 25073 MiB, 23498 MiB
2024/11/23 12:27:57.021, 1, NVIDIA RTX A6000, 0 %, 0 %, 49140 MiB, 15 MiB, 48555 MiB
2024/11/23 12:27:58.021, 0, NVIDIA RTX A6000, 87 %, 42 %, 49140 MiB, 25073 MiB, 23498 MiB
2024/11/23 12:27:58.021, 1, NVIDIA RTX A6000, 0 %, 0 %, 49140 MiB, 15 MiB, 48555 MiB
2024/11/23 12:27:59.021, 0, NVIDIA RTX A6000, 84 %, 29 %, 49140 MiB, 25073 MiB, 23498 MiB
2024/11/23 12:27:59.022, 1, NVIDIA RTX A6000, 0 %, 0 %, 49140 MiB, 15 MiB, 48555 MiB
2024/11/23 12:28:00.022, 0, NVIDIA RTX A6000, 83 %, 27 %, 49140 MiB, 25073 MiB, 23498 MiB
2024/11/23 12:28:00.022, 1, NVIDIA RTX A6000, 0 %, 0 %, 49140 MiB, 15 MiB, 48555 MiB
2024/11/23 12:28:01.023, 0, NVIDIA RTX A6000, 89 %, 52 %, 49140 MiB, 25073 MiB, 23498 MiB
2024/11/23 12:28:01.023, 1, NVIDIA RTX A6000, 0 %, 0 %, 49140 MiB, 15 MiB, 48555 MiB
2024/11/23 12:28:02.023, 0, NVIDIA RTX A6000, 85 %, 36 %, 49140 MiB, 25073 MiB, 23498 MiB
2024/11/23 12:28:02.023, 1, NVIDIA RTX A6000, 0 %, 0 %, 49140 MiB, 15 MiB, 48555 MiB
2024/11/23 12:28:03.023, 0, NVIDIA RTX A6000, 88 %, 42 %, 49140 MiB, 25073 MiB, 23498 MiB
2024/11/23 12:28:03.023, 1, NVIDIA RTX A6000, 0 %, 0 %, 49140 MiB, 15 MiB, 48555 MiB
2024/11/23 12:28:04.024, 0, NVIDIA RTX A6000, 89 %, 53 %, 49140 MiB, 25073 MiB, 23498 MiB
2024/11/23 12:28:04.024, 1, NVIDIA RTX A6000, 0 %, 0 %, 49140 MiB, 15 MiB, 48555 MiB
2024/11/23 12:28:05.024, 0, NVIDIA RTX A6000, 88 %, 51 %, 49140 MiB, 25073 MiB, 23498 MiB
2024/11/23 12:28:05.024, 1, NVIDIA RTX A6000, 0 %, 0 %, 49140 MiB, 15 MiB, 48555 MiB
2024/11/23 12:28:06.054, 0, NVIDIA RTX A6000, 88 %, 52 %, 49140 MiB, 25073 MiB, 23498 MiB
2024/11/23 12:28:06.054, 1, NVIDIA RTX A6000, 0 %, 0 %, 49140 MiB, 15 MiB, 48555 MiB
2024/11/23 12:28:07.054, 0, NVIDIA RTX A6000, 91 %, 48 %, 49140 MiB, 25073 MiB, 23498 MiB
2024/11/23 12:28:07.054, 1, NVIDIA RTX A6000, 0 %, 0 %, 49140 MiB, 15 MiB, 48555 MiB
2024/11/23 12:28:08.054, 0, NVIDIA RTX A6000, 89 %, 45 %, 49140 MiB, 25073 MiB, 23498 MiB
2024/11/23 12:28:08.054, 1, NVIDIA RTX A6000, 0 %, 0 %, 49140 MiB, 15 MiB, 48555 MiB
2024/11/23 12:28:09.054, 0, NVIDIA RTX A6000, 89 %, 55 %, 49140 MiB, 25073 MiB, 23498 MiB
2024/11/23 12:28:09.054, 1, NVIDIA RTX A6000, 0 %, 0 %, 49140 MiB, 15 MiB, 48555 MiB
2024/11/23 12:28:10.054, 0, NVIDIA RTX A6000, 88 %, 48 %, 49140 MiB, 25073 MiB, 23498 MiB
2024/11/23 12:28:10.055, 1, NVIDIA RTX A6000, 0 %, 0 %, 49140 MiB, 15 MiB, 48555 MiB
2024/11/23 12:28:11.092, 0, NVIDIA RTX A6000, 86 %, 40 %, 49140 MiB, 25073 MiB, 23498 MiB
2024/11/23 12:28:11.092, 1, NVIDIA RTX A6000, 0 %, 0 %, 49140 MiB, 15 MiB, 48555 MiB
2024/11/23 12:28:12.092, 0, NVIDIA RTX A6000, 89 %, 47 %, 49140 MiB, 25073 MiB, 23498 MiB
2024/11/23 12:28:12.092, 1, NVIDIA RTX A6000, 0 %, 0 %, 49140 MiB, 15 MiB, 48555 MiB
2024/11/23 12:28:13.092, 0, NVIDIA RTX A6000, 86 %, 39 %, 49140 MiB, 25073 MiB, 23498 MiB
2024/11/23 12:28:13.092, 1, NVIDIA RTX A6000, 0 %, 0 %, 49140 MiB, 15 MiB, 48555 MiB
2024/11/23 12:28:14.092, 0, NVIDIA RTX A6000, 88 %, 40 %, 49140 MiB, 25073 MiB, 23498 MiB
2024/11/23 12:28:14.093, 1, NVIDIA RTX A6000, 0 %, 0 %, 49140 MiB, 15 MiB, 48555 MiB
2024/11/23 12:28:15.093, 0, NVIDIA RTX A6000, 89 %, 49 %, 49140 MiB, 25073 MiB, 23498 MiB
2024/11/23 12:28:15.093, 1, NVIDIA RTX A6000, 0 %, 0 %, 49140 MiB, 15 MiB, 48555 MiB
2024/11/23 12:28:16.094, 0, NVIDIA RTX A6000, 89 %, 52 %, 49140 MiB, 25073 MiB, 23498 MiB
2024/11/23 12:28:16.094, 1, NVIDIA RTX A6000, 0 %, 0 %, 49140 MiB, 15 MiB, 48555 MiB
2024/11/23 12:28:17.094, 0, NVIDIA RTX A6000, 86 %, 39 %, 49140 MiB, 25073 MiB, 23498 MiB
2024/11/23 12:28:17.095, 1, NVIDIA RTX A6000, 0 %, 0 %, 49140 MiB, 15 MiB, 48555 MiB
2024/11/23 12:28:18.095, 0, NVIDIA RTX A6000, 87 %, 47 %, 49140 MiB, 25073 MiB, 23498 MiB
2024/11/23 12:28:18.095, 1, NVIDIA RTX A6000, 0 %, 0 %, 49140 MiB, 15 MiB, 48555 MiB
2024/11/23 12:28:19.095, 0, NVIDIA RTX A6000, 86 %, 40 %, 49140 MiB, 25073 MiB, 23498 MiB
2024/11/23 12:28:19.095, 1, NVIDIA RTX A6000, 0 %, 0 %, 49140 MiB, 15 MiB, 48555 MiB
2024/11/23 12:28:20.095, 0, NVIDIA RTX A6000, 90 %, 48 %, 49140 MiB, 25073 MiB, 23498 MiB
2024/11/23 12:28:20.095, 1, NVIDIA RTX A6000, 0 %, 0 %, 49140 MiB, 15 MiB, 48555 MiB
2024/11/23 12:28:21.103, 0, NVIDIA RTX A6000, 90 %, 56 %, 49140 MiB, 25073 MiB, 23498 MiB
2024/11/23 12:28:21.103, 1, NVIDIA RTX A6000, 0 %, 0 %, 49140 MiB, 15 MiB, 48555 MiB
2024/11/23 12:28:22.103, 0, NVIDIA RTX A6000, 63 %, 34 %, 49140 MiB, 25073 MiB, 23498 MiB
2024/11/23 12:28:22.103, 1, NVIDIA RTX A6000, 0 %, 0 %, 49140 MiB, 15 MiB, 48555 MiB
2024/11/23 12:28:23.104, 0, NVIDIA RTX A6000, 90 %, 57 %, 49140 MiB, 25073 MiB, 23498 MiB
2024/11/23 12:28:23.104, 1, NVIDIA RTX A6000, 0 %, 0 %, 49140 MiB, 15 MiB, 48555 MiB
2024/11/23 12:28:24.104, 0, NVIDIA RTX A6000, 88 %, 49 %, 49140 MiB, 25073 MiB, 23498 MiB
2024/11/23 12:28:24.104, 1, NVIDIA RTX A6000, 0 %, 0 %, 49140 MiB, 15 MiB, 48555 MiB
2024/11/23 12:28:25.104, 0, NVIDIA RTX A6000, 86 %, 40 %, 49140 MiB, 25073 MiB, 23498 MiB
2024/11/23 12:28:25.104, 1, NVIDIA RTX A6000, 0 %, 0 %, 49140 MiB, 15 MiB, 48555 MiB
2024/11/23 12:28:26.132, 0, NVIDIA RTX A6000, 91 %, 48 %, 49140 MiB, 25073 MiB, 23498 MiB
2024/11/23 12:28:26.133, 1, NVIDIA RTX A6000, 0 %, 0 %, 49140 MiB, 15 MiB, 48555 MiB
2024/11/23 12:28:27.133, 0, NVIDIA RTX A6000, 89 %, 56 %, 49140 MiB, 25073 MiB, 23498 MiB
2024/11/23 12:28:27.133, 1, NVIDIA RTX A6000, 0 %, 0 %, 49140 MiB, 15 MiB, 48555 MiB
2024/11/23 12:28:28.133, 0, NVIDIA RTX A6000, 87 %, 45 %, 49140 MiB, 25073 MiB, 23498 MiB
2024/11/23 12:28:28.133, 1, NVIDIA RTX A6000, 0 %, 0 %, 49140 MiB, 15 MiB, 48555 MiB
2024/11/23 12:28:29.133, 0, NVIDIA RTX A6000, 87 %, 40 %, 49140 MiB, 25073 MiB, 23498 MiB
2024/11/23 12:28:29.133, 1, NVIDIA RTX A6000, 0 %, 0 %, 49140 MiB, 15 MiB, 48555 MiB
2024/11/23 12:28:30.133, 0, NVIDIA RTX A6000, 89 %, 45 %, 49140 MiB, 25073 MiB, 23498 MiB
2024/11/23 12:28:30.133, 1, NVIDIA RTX A6000, 0 %, 0 %, 49140 MiB, 15 MiB, 48555 MiB
2024/11/23 12:28:31.147, 0, NVIDIA RTX A6000, 88 %, 54 %, 49140 MiB, 25073 MiB, 23498 MiB
2024/11/23 12:28:31.147, 1, NVIDIA RTX A6000, 0 %, 0 %, 49140 MiB, 15 MiB, 48555 MiB
2024/11/23 12:28:32.147, 0, NVIDIA RTX A6000, 86 %, 39 %, 49140 MiB, 25073 MiB, 23498 MiB
2024/11/23 12:28:32.147, 1, NVIDIA RTX A6000, 0 %, 0 %, 49140 MiB, 15 MiB, 48555 MiB
2024/11/23 12:28:33.147, 0, NVIDIA RTX A6000, 88 %, 40 %, 49140 MiB, 25073 MiB, 23498 MiB
2024/11/23 12:28:33.147, 1, NVIDIA RTX A6000, 0 %, 0 %, 49140 MiB, 15 MiB, 48555 MiB
2024/11/23 12:28:34.148, 0, NVIDIA RTX A6000, 89 %, 48 %, 49140 MiB, 25073 MiB, 23498 MiB
2024/11/23 12:28:34.148, 1, NVIDIA RTX A6000, 0 %, 0 %, 49140 MiB, 15 MiB, 48555 MiB
2024/11/23 12:28:35.148, 0, NVIDIA RTX A6000, 89 %, 52 %, 49140 MiB, 25073 MiB, 23498 MiB
2024/11/23 12:28:35.148, 1, NVIDIA RTX A6000, 0 %, 0 %, 49140 MiB, 15 MiB, 48555 MiB
2024/11/23 12:28:36.174, 0, NVIDIA RTX A6000, 85 %, 36 %, 49140 MiB, 25073 MiB, 23498 MiB
2024/11/23 12:28:36.174, 1, NVIDIA RTX A6000, 0 %, 0 %, 49140 MiB, 15 MiB, 48555 MiB
2024/11/23 12:28:37.174, 0, NVIDIA RTX A6000, 88 %, 44 %, 49140 MiB, 25073 MiB, 23498 MiB
2024/11/23 12:28:37.174, 1, NVIDIA RTX A6000, 0 %, 0 %, 49140 MiB, 15 MiB, 48555 MiB
2024/11/23 12:28:38.174, 0, NVIDIA RTX A6000, 89 %, 53 %, 49140 MiB, 25073 MiB, 23498 MiB
2024/11/23 12:28:38.174, 1, NVIDIA RTX A6000, 0 %, 0 %, 49140 MiB, 15 MiB, 48555 MiB
2024/11/23 12:28:39.174, 0, NVIDIA RTX A6000, 88 %, 50 %, 49140 MiB, 25073 MiB, 23498 MiB
2024/11/23 12:28:39.174, 1, NVIDIA RTX A6000, 0 %, 0 %, 49140 MiB, 15 MiB, 48555 MiB
2024/11/23 12:28:40.174, 0, NVIDIA RTX A6000, 86 %, 39 %, 49140 MiB, 25073 MiB, 23498 MiB
2024/11/23 12:28:40.174, 1, NVIDIA RTX A6000, 0 %, 0 %, 49140 MiB, 15 MiB, 48555 MiB
2024/11/23 12:28:41.197, 0, NVIDIA RTX A6000, 85 %, 37 %, 49140 MiB, 25073 MiB, 23498 MiB
2024/11/23 12:28:41.197, 1, NVIDIA RTX A6000, 0 %, 0 %, 49140 MiB, 15 MiB, 48555 MiB
2024/11/23 12:28:42.198, 0, NVIDIA RTX A6000, 89 %, 42 %, 49140 MiB, 25073 MiB, 23498 MiB
2024/11/23 12:28:42.198, 1, NVIDIA RTX A6000, 0 %, 0 %, 49140 MiB, 15 MiB, 48555 MiB
2024/11/23 12:28:43.198, 0, NVIDIA RTX A6000, 29 %, 15 %, 49140 MiB, 25073 MiB, 23498 MiB
2024/11/23 12:28:43.198, 1, NVIDIA RTX A6000, 0 %, 0 %, 49140 MiB, 15 MiB, 48555 MiB
2024/11/23 12:28:44.198, 0, NVIDIA RTX A6000, 88 %, 46 %, 49140 MiB, 25073 MiB, 23498 MiB
2024/11/23 12:28:44.198, 1, NVIDIA RTX A6000, 0 %, 0 %, 49140 MiB, 15 MiB, 48555 MiB
2024/11/23 12:28:45.198, 0, NVIDIA RTX A6000, 85 %, 31 %, 49140 MiB, 25073 MiB, 23498 MiB
2024/11/23 12:28:45.198, 1, NVIDIA RTX A6000, 0 %, 0 %, 49140 MiB, 15 MiB, 48555 MiB
2024/11/23 12:28:46.206, 0, NVIDIA RTX A6000, 84 %, 28 %, 49140 MiB, 25073 MiB, 23498 MiB
2024/11/23 12:28:46.206, 1, NVIDIA RTX A6000, 0 %, 0 %, 49140 MiB, 15 MiB, 48555 MiB
2024/11/23 12:28:47.206, 0, NVIDIA RTX A6000, 87 %, 42 %, 49140 MiB, 25073 MiB, 23498 MiB
2024/11/23 12:28:47.206, 1, NVIDIA RTX A6000, 0 %, 0 %, 49140 MiB, 15 MiB, 48555 MiB
2024/11/23 12:28:48.206, 0, NVIDIA RTX A6000, 100 %, 99 %, 49140 MiB, 25073 MiB, 23498 MiB
2024/11/23 12:28:48.206, 1, NVIDIA RTX A6000, 0 %, 0 %, 49140 MiB, 15 MiB, 48555 MiB
2024/11/23 12:28:49.207, 0, NVIDIA RTX A6000, 100 %, 89 %, 49140 MiB, 25073 MiB, 23498 MiB
2024/11/23 12:28:49.207, 1, NVIDIA RTX A6000, 0 %, 0 %, 49140 MiB, 15 MiB, 48555 MiB
2024/11/23 12:28:50.207, 0, NVIDIA RTX A6000, 87 %, 42 %, 49140 MiB, 25073 MiB, 23498 MiB
2024/11/23 12:28:50.207, 1, NVIDIA RTX A6000, 0 %, 0 %, 49140 MiB, 15 MiB, 48555 MiB
2024/11/23 12:28:51.338, 0, NVIDIA RTX A6000, 94 %, 79 %, 49140 MiB, 25073 MiB, 23498 MiB
2024/11/23 12:28:51.338, 1, NVIDIA RTX A6000, 0 %, 0 %, 49140 MiB, 15 MiB, 48555 MiB
2024/11/23 12:28:52.338, 0, NVIDIA RTX A6000, 95 %, 82 %, 49140 MiB, 25073 MiB, 23498 MiB
2024/11/23 12:28:52.339, 1, NVIDIA RTX A6000, 0 %, 0 %, 49140 MiB, 15 MiB, 48555 MiB
2024/11/23 12:28:53.339, 0, NVIDIA RTX A6000, 100 %, 100 %, 49140 MiB, 25073 MiB, 23498 MiB
2024/11/23 12:28:53.339, 1, NVIDIA RTX A6000, 0 %, 0 %, 49140 MiB, 15 MiB, 48555 MiB
2024/11/23 12:28:54.339, 0, NVIDIA RTX A6000, 99 %, 87 %, 49140 MiB, 25073 MiB, 23498 MiB
2024/11/23 12:28:54.339, 1, NVIDIA RTX A6000, 0 %, 0 %, 49140 MiB, 15 MiB, 48555 MiB
2024/11/23 12:28:55.339, 0, NVIDIA RTX A6000, 92 %, 73 %, 49140 MiB, 25073 MiB, 23498 MiB
2024/11/23 12:28:55.339, 1, NVIDIA RTX A6000, 0 %, 0 %, 49140 MiB, 15 MiB, 48555 MiB
2024/11/23 12:28:56.473, 0, NVIDIA RTX A6000, 94 %, 79 %, 49140 MiB, 25073 MiB, 23498 MiB
2024/11/23 12:28:56.473, 1, NVIDIA RTX A6000, 0 %, 0 %, 49140 MiB, 15 MiB, 48555 MiB
2024/11/23 12:28:57.473, 0, NVIDIA RTX A6000, 97 %, 90 %, 49140 MiB, 25073 MiB, 23498 MiB
2024/11/23 12:28:57.473, 1, NVIDIA RTX A6000, 0 %, 0 %, 49140 MiB, 15 MiB, 48555 MiB
2024/11/23 12:28:58.474, 0, NVIDIA RTX A6000, 100 %, 95 %, 49140 MiB, 25073 MiB, 23498 MiB
2024/11/23 12:28:58.474, 1, NVIDIA RTX A6000, 0 %, 0 %, 49140 MiB, 15 MiB, 48555 MiB
2024/11/23 12:28:59.474, 0, NVIDIA RTX A6000, 96 %, 78 %, 49140 MiB, 25073 MiB, 23498 MiB
2024/11/23 12:28:59.474, 1, NVIDIA RTX A6000, 0 %, 0 %, 49140 MiB, 15 MiB, 48555 MiB
2024/11/23 12:29:00.474, 0, NVIDIA RTX A6000, 86 %, 37 %, 49140 MiB, 25073 MiB, 23498 MiB
2024/11/23 12:29:00.474, 1, NVIDIA RTX A6000, 0 %, 0 %, 49140 MiB, 15 MiB, 48555 MiB
2024/11/23 12:29:01.474, 0, NVIDIA RTX A6000, 91 %, 58 %, 49140 MiB, 25073 MiB, 23498 MiB
2024/11/23 12:29:01.474, 1, NVIDIA RTX A6000, 0 %, 0 %, 49140 MiB, 15 MiB, 48555 MiB
2024/11/23 12:29:02.474, 0, NVIDIA RTX A6000, 85 %, 24 %, 49140 MiB, 25073 MiB, 23498 MiB
2024/11/23 12:29:02.474, 1, NVIDIA RTX A6000, 0 %, 0 %, 49140 MiB, 15 MiB, 48555 MiB
2024/11/23 12:29:03.475, 0, NVIDIA RTX A6000, 94 %, 79 %, 49140 MiB, 25073 MiB, 23498 MiB
2024/11/23 12:29:03.475, 1, NVIDIA RTX A6000, 0 %, 0 %, 49140 MiB, 15 MiB, 48555 MiB
2024/11/23 12:29:04.475, 0, NVIDIA RTX A6000, 96 %, 83 %, 49140 MiB, 25073 MiB, 23498 MiB
2024/11/23 12:29:04.475, 1, NVIDIA RTX A6000, 0 %, 0 %, 49140 MiB, 15 MiB, 48555 MiB
2024/11/23 12:29:05.475, 0, NVIDIA RTX A6000, 81 %, 42 %, 49140 MiB, 25073 MiB, 23498 MiB
2024/11/23 12:29:05.475, 1, NVIDIA RTX A6000, 0 %, 0 %, 49140 MiB, 15 MiB, 48555 MiB
2024/11/23 12:29:06.516, 0, NVIDIA RTX A6000, 92 %, 69 %, 49140 MiB, 25073 MiB, 23498 MiB
2024/11/23 12:29:06.516, 1, NVIDIA RTX A6000, 0 %, 0 %, 49140 MiB, 15 MiB, 48555 MiB
2024/11/23 12:29:07.516, 0, NVIDIA RTX A6000, 94 %, 79 %, 49140 MiB, 25073 MiB, 23498 MiB
2024/11/23 12:29:07.516, 1, NVIDIA RTX A6000, 0 %, 0 %, 49140 MiB, 15 MiB, 48555 MiB
2024/11/23 12:29:08.516, 0, NVIDIA RTX A6000, 95 %, 82 %, 49140 MiB, 25073 MiB, 23498 MiB
2024/11/23 12:29:08.516, 1, NVIDIA RTX A6000, 0 %, 0 %, 49140 MiB, 15 MiB, 48555 MiB
2024/11/23 12:29:09.517, 0, NVIDIA RTX A6000, 100 %, 100 %, 49140 MiB, 25073 MiB, 23498 MiB
2024/11/23 12:29:09.517, 1, NVIDIA RTX A6000, 0 %, 0 %, 49140 MiB, 15 MiB, 48555 MiB
2024/11/23 12:29:10.517, 0, NVIDIA RTX A6000, 99 %, 87 %, 49140 MiB, 25073 MiB, 23498 MiB
2024/11/23 12:29:10.517, 1, NVIDIA RTX A6000, 0 %, 0 %, 49140 MiB, 15 MiB, 48555 MiB
2024/11/23 12:29:11.668, 0, NVIDIA RTX A6000, 92 %, 73 %, 49140 MiB, 25073 MiB, 23498 MiB
2024/11/23 12:29:11.668, 1, NVIDIA RTX A6000, 0 %, 0 %, 49140 MiB, 15 MiB, 48555 MiB
2024/11/23 12:29:12.668, 0, NVIDIA RTX A6000, 94 %, 79 %, 49140 MiB, 25073 MiB, 23498 MiB
2024/11/23 12:29:12.668, 1, NVIDIA RTX A6000, 0 %, 0 %, 49140 MiB, 15 MiB, 48555 MiB
2024/11/23 12:29:13.668, 0, NVIDIA RTX A6000, 84 %, 32 %, 49140 MiB, 25073 MiB, 23498 MiB
2024/11/23 12:29:13.668, 1, NVIDIA RTX A6000, 0 %, 0 %, 49140 MiB, 15 MiB, 48555 MiB
2024/11/23 12:29:14.668, 0, NVIDIA RTX A6000, 85 %, 27 %, 49140 MiB, 25073 MiB, 23498 MiB
2024/11/23 12:29:14.668, 1, NVIDIA RTX A6000, 0 %, 0 %, 49140 MiB, 15 MiB, 48555 MiB
2024/11/23 12:29:15.668, 0, NVIDIA RTX A6000, 87 %, 39 %, 49140 MiB, 25073 MiB, 23498 MiB
2024/11/23 12:29:15.669, 1, NVIDIA RTX A6000, 0 %, 0 %, 49140 MiB, 15 MiB, 48555 MiB
2024/11/23 12:29:16.763, 0, NVIDIA RTX A6000, 91 %, 61 %, 49140 MiB, 25073 MiB, 23498 MiB
2024/11/23 12:29:16.763, 1, NVIDIA RTX A6000, 0 %, 0 %, 49140 MiB, 15 MiB, 48555 MiB
2024/11/23 12:29:17.763, 0, NVIDIA RTX A6000, 95 %, 81 %, 49140 MiB, 25073 MiB, 23498 MiB
2024/11/23 12:29:17.763, 1, NVIDIA RTX A6000, 0 %, 0 %, 49140 MiB, 15 MiB, 48555 MiB
2024/11/23 12:29:18.763, 0, NVIDIA RTX A6000, 84 %, 22 %, 49140 MiB, 25073 MiB, 23498 MiB
2024/11/23 12:29:18.763, 1, NVIDIA RTX A6000, 0 %, 0 %, 49140 MiB, 15 MiB, 48555 MiB
2024/11/23 12:29:19.763, 0, NVIDIA RTX A6000, 84 %, 28 %, 49140 MiB, 25073 MiB, 23498 MiB
2024/11/23 12:29:19.763, 1, NVIDIA RTX A6000, 0 %, 0 %, 49140 MiB, 15 MiB, 48555 MiB
2024/11/23 12:29:20.763, 0, NVIDIA RTX A6000, 86 %, 37 %, 49140 MiB, 25073 MiB, 23498 MiB
2024/11/23 12:29:20.764, 1, NVIDIA RTX A6000, 0 %, 0 %, 49140 MiB, 15 MiB, 48555 MiB
2024/11/23 12:29:21.764, 0, NVIDIA RTX A6000, 88 %, 45 %, 49140 MiB, 25073 MiB, 23498 MiB
2024/11/23 12:29:21.764, 1, NVIDIA RTX A6000, 0 %, 0 %, 49140 MiB, 15 MiB, 48555 MiB
2024/11/23 12:29:22.764, 0, NVIDIA RTX A6000, 92 %, 65 %, 49140 MiB, 25073 MiB, 23498 MiB
2024/11/23 12:29:22.764, 1, NVIDIA RTX A6000, 0 %, 0 %, 49140 MiB, 15 MiB, 48555 MiB
2024/11/23 12:29:23.764, 0, NVIDIA RTX A6000, 92 %, 72 %, 49140 MiB, 25073 MiB, 23498 MiB
2024/11/23 12:29:23.764, 1, NVIDIA RTX A6000, 0 %, 0 %, 49140 MiB, 15 MiB, 48555 MiB
2024/11/23 12:29:24.764, 0, NVIDIA RTX A6000, 94 %, 80 %, 49140 MiB, 25073 MiB, 23498 MiB
2024/11/23 12:29:24.764, 1, NVIDIA RTX A6000, 0 %, 0 %, 49140 MiB, 15 MiB, 48555 MiB
2024/11/23 12:29:25.765, 0, NVIDIA RTX A6000, 86 %, 37 %, 49140 MiB, 25073 MiB, 23498 MiB
2024/11/23 12:29:25.765, 1, NVIDIA RTX A6000, 0 %, 0 %, 49140 MiB, 15 MiB, 48555 MiB
2024/11/23 12:29:26.867, 0, NVIDIA RTX A6000, 90 %, 58 %, 49140 MiB, 25073 MiB, 23498 MiB
2024/11/23 12:29:26.867, 1, NVIDIA RTX A6000, 0 %, 0 %, 49140 MiB, 15 MiB, 48555 MiB
2024/11/23 12:29:27.867, 0, NVIDIA RTX A6000, 92 %, 72 %, 49140 MiB, 25073 MiB, 23498 MiB
2024/11/23 12:29:27.867, 1, NVIDIA RTX A6000, 0 %, 0 %, 49140 MiB, 15 MiB, 48555 MiB
2024/11/23 12:29:28.867, 0, NVIDIA RTX A6000, 94 %, 79 %, 49140 MiB, 25073 MiB, 23498 MiB
2024/11/23 12:29:28.867, 1, NVIDIA RTX A6000, 0 %, 0 %, 49140 MiB, 15 MiB, 48555 MiB
2024/11/23 12:29:29.867, 0, NVIDIA RTX A6000, 97 %, 89 %, 49140 MiB, 25073 MiB, 23498 MiB
2024/11/23 12:29:29.867, 1, NVIDIA RTX A6000, 0 %, 0 %, 49140 MiB, 15 MiB, 48555 MiB
2024/11/23 12:29:30.867, 0, NVIDIA RTX A6000, 100 %, 95 %, 49140 MiB, 25073 MiB, 23498 MiB
2024/11/23 12:29:30.868, 1, NVIDIA RTX A6000, 0 %, 0 %, 49140 MiB, 15 MiB, 48555 MiB
2024/11/23 12:29:31.971, 0, NVIDIA RTX A6000, 96 %, 77 %, 49140 MiB, 25073 MiB, 23498 MiB
2024/11/23 12:29:31.971, 1, NVIDIA RTX A6000, 0 %, 0 %, 49140 MiB, 15 MiB, 48555 MiB
2024/11/23 12:29:32.971, 0, NVIDIA RTX A6000, 91 %, 63 %, 49140 MiB, 25073 MiB, 23498 MiB
2024/11/23 12:29:32.971, 1, NVIDIA RTX A6000, 0 %, 0 %, 49140 MiB, 15 MiB, 48555 MiB
2024/11/23 12:29:33.971, 0, NVIDIA RTX A6000, 86 %, 39 %, 49140 MiB, 25073 MiB, 23498 MiB
2024/11/23 12:29:33.971, 1, NVIDIA RTX A6000, 0 %, 0 %, 49140 MiB, 15 MiB, 48555 MiB
2024/11/23 12:29:34.971, 0, NVIDIA RTX A6000, 85 %, 24 %, 49140 MiB, 25073 MiB, 23498 MiB
2024/11/23 12:29:34.971, 1, NVIDIA RTX A6000, 0 %, 0 %, 49140 MiB, 15 MiB, 48555 MiB
2024/11/23 12:29:35.971, 0, NVIDIA RTX A6000, 84 %, 27 %, 49140 MiB, 25073 MiB, 23498 MiB
2024/11/23 12:29:35.971, 1, NVIDIA RTX A6000, 0 %, 0 %, 49140 MiB, 15 MiB, 48555 MiB
2024/11/23 12:29:36.981, 0, NVIDIA RTX A6000, 86 %, 37 %, 49140 MiB, 25073 MiB, 23498 MiB
2024/11/23 12:29:36.981, 1, NVIDIA RTX A6000, 0 %, 0 %, 49140 MiB, 15 MiB, 48555 MiB
2024/11/23 12:29:37.981, 0, NVIDIA RTX A6000, 87 %, 44 %, 49140 MiB, 25073 MiB, 23498 MiB
2024/11/23 12:29:37.982, 1, NVIDIA RTX A6000, 0 %, 0 %, 49140 MiB, 15 MiB, 48555 MiB
2024/11/23 12:29:38.982, 0, NVIDIA RTX A6000, 92 %, 64 %, 49140 MiB, 25073 MiB, 23498 MiB
2024/11/23 12:29:38.982, 1, NVIDIA RTX A6000, 0 %, 0 %, 49140 MiB, 15 MiB, 48555 MiB
2024/11/23 12:29:39.982, 0, NVIDIA RTX A6000, 92 %, 71 %, 49140 MiB, 25073 MiB, 23498 MiB
2024/11/23 12:29:39.982, 1, NVIDIA RTX A6000, 0 %, 0 %, 49140 MiB, 15 MiB, 48555 MiB
2024/11/23 12:29:40.982, 0, NVIDIA RTX A6000, 95 %, 80 %, 49140 MiB, 25073 MiB, 23498 MiB
2024/11/23 12:29:40.982, 1, NVIDIA RTX A6000, 0 %, 0 %, 49140 MiB, 15 MiB, 48555 MiB
2024/11/23 12:29:42.036, 0, NVIDIA RTX A6000, 86 %, 37 %, 49140 MiB, 25073 MiB, 23498 MiB
2024/11/23 12:29:42.036, 1, NVIDIA RTX A6000, 0 %, 0 %, 49140 MiB, 15 MiB, 48555 MiB
2024/11/23 12:29:43.036, 0, NVIDIA RTX A6000, 90 %, 57 %, 49140 MiB, 25073 MiB, 23498 MiB
2024/11/23 12:29:43.036, 1, NVIDIA RTX A6000, 0 %, 0 %, 49140 MiB, 15 MiB, 48555 MiB
2024/11/23 12:29:44.037, 0, NVIDIA RTX A6000, 58 %, 14 %, 49140 MiB, 25073 MiB, 23498 MiB
2024/11/23 12:29:44.037, 1, NVIDIA RTX A6000, 0 %, 0 %, 49140 MiB, 15 MiB, 48555 MiB
2024/11/23 12:29:45.037, 0, NVIDIA RTX A6000, 84 %, 31 %, 49140 MiB, 25073 MiB, 23498 MiB
2024/11/23 12:29:45.037, 1, NVIDIA RTX A6000, 0 %, 0 %, 49140 MiB, 15 MiB, 48555 MiB
2024/11/23 12:29:46.037, 0, NVIDIA RTX A6000, 86 %, 37 %, 49140 MiB, 25073 MiB, 23498 MiB
2024/11/23 12:29:46.037, 1, NVIDIA RTX A6000, 0 %, 0 %, 49140 MiB, 15 MiB, 48555 MiB
2024/11/23 12:29:47.092, 0, NVIDIA RTX A6000, 88 %, 46 %, 49140 MiB, 25073 MiB, 23498 MiB
2024/11/23 12:29:47.092, 1, NVIDIA RTX A6000, 0 %, 0 %, 49140 MiB, 15 MiB, 48555 MiB
2024/11/23 12:29:48.092, 0, NVIDIA RTX A6000, 85 %, 32 %, 49140 MiB, 25073 MiB, 23498 MiB
2024/11/23 12:29:48.092, 1, NVIDIA RTX A6000, 0 %, 0 %, 49140 MiB, 15 MiB, 48555 MiB
2024/11/23 12:29:49.092, 0, NVIDIA RTX A6000, 85 %, 28 %, 49140 MiB, 25073 MiB, 23498 MiB
2024/11/23 12:29:49.092, 1, NVIDIA RTX A6000, 0 %, 0 %, 49140 MiB, 15 MiB, 48555 MiB
2024/11/23 12:29:50.092, 0, NVIDIA RTX A6000, 87 %, 41 %, 49140 MiB, 25073 MiB, 23498 MiB
2024/11/23 12:29:50.092, 1, NVIDIA RTX A6000, 0 %, 0 %, 49140 MiB, 15 MiB, 48555 MiB
2024/11/23 12:29:51.092, 0, NVIDIA RTX A6000, 87 %, 37 %, 49140 MiB, 25073 MiB, 23498 MiB
2024/11/23 12:29:51.093, 1, NVIDIA RTX A6000, 0 %, 0 %, 49140 MiB, 15 MiB, 48555 MiB
2024/11/23 12:29:52.121, 0, NVIDIA RTX A6000, 90 %, 58 %, 49140 MiB, 25073 MiB, 23498 MiB
2024/11/23 12:29:52.122, 1, NVIDIA RTX A6000, 0 %, 0 %, 49140 MiB, 15 MiB, 48555 MiB
2024/11/23 12:29:53.122, 0, NVIDIA RTX A6000, 92 %, 73 %, 49140 MiB, 25073 MiB, 23498 MiB
2024/11/23 12:29:53.122, 1, NVIDIA RTX A6000, 0 %, 0 %, 49140 MiB, 15 MiB, 48555 MiB
2024/11/23 12:29:54.122, 0, NVIDIA RTX A6000, 94 %, 79 %, 49140 MiB, 25073 MiB, 23498 MiB
2024/11/23 12:29:54.122, 1, NVIDIA RTX A6000, 0 %, 0 %, 49140 MiB, 15 MiB, 48555 MiB
2024/11/23 12:29:55.122, 0, NVIDIA RTX A6000, 96 %, 84 %, 49140 MiB, 25073 MiB, 23498 MiB
2024/11/23 12:29:55.122, 1, NVIDIA RTX A6000, 0 %, 0 %, 49140 MiB, 15 MiB, 48555 MiB
2024/11/23 12:29:56.122, 0, NVIDIA RTX A6000, 88 %, 45 %, 49140 MiB, 25073 MiB, 23498 MiB
2024/11/23 12:29:56.122, 1, NVIDIA RTX A6000, 0 %, 0 %, 49140 MiB, 15 MiB, 48555 MiB
2024/11/23 12:29:57.267, 0, NVIDIA RTX A6000, 92 %, 65 %, 49140 MiB, 25073 MiB, 23498 MiB
2024/11/23 12:29:57.267, 1, NVIDIA RTX A6000, 0 %, 0 %, 49140 MiB, 15 MiB, 48555 MiB
2024/11/23 12:29:58.267, 0, NVIDIA RTX A6000, 93 %, 72 %, 49140 MiB, 25073 MiB, 23498 MiB
2024/11/23 12:29:58.267, 1, NVIDIA RTX A6000, 0 %, 0 %, 49140 MiB, 15 MiB, 48555 MiB
2024/11/23 12:29:59.267, 0, NVIDIA RTX A6000, 94 %, 80 %, 49140 MiB, 25073 MiB, 23498 MiB
2024/11/23 12:29:59.267, 1, NVIDIA RTX A6000, 1 %, 0 %, 49140 MiB, 15 MiB, 48555 MiB
2024/11/23 12:30:00.268, 0, NVIDIA RTX A6000, 98 %, 95 %, 49140 MiB, 25073 MiB, 23498 MiB
2024/11/23 12:30:00.268, 1, NVIDIA RTX A6000, 0 %, 0 %, 49140 MiB, 15 MiB, 48555 MiB
2024/11/23 12:30:01.268, 0, NVIDIA RTX A6000, 100 %, 89 %, 49140 MiB, 25073 MiB, 23498 MiB
2024/11/23 12:30:01.268, 1, NVIDIA RTX A6000, 0 %, 0 %, 49140 MiB, 15 MiB, 48555 MiB
2024/11/23 12:30:02.401, 0, NVIDIA RTX A6000, 95 %, 75 %, 49140 MiB, 25073 MiB, 23498 MiB
2024/11/23 12:30:02.401, 1, NVIDIA RTX A6000, 0 %, 0 %, 49140 MiB, 15 MiB, 48555 MiB
2024/11/23 12:30:03.401, 0, NVIDIA RTX A6000, 91 %, 58 %, 49140 MiB, 25073 MiB, 23498 MiB
2024/11/23 12:30:03.401, 1, NVIDIA RTX A6000, 0 %, 0 %, 49140 MiB, 15 MiB, 48555 MiB
2024/11/23 12:30:04.401, 0, NVIDIA RTX A6000, 85 %, 35 %, 49140 MiB, 25073 MiB, 23498 MiB
2024/11/23 12:30:04.401, 1, NVIDIA RTX A6000, 0 %, 0 %, 49140 MiB, 15 MiB, 48555 MiB
2024/11/23 12:30:05.402, 0, NVIDIA RTX A6000, 84 %, 22 %, 49140 MiB, 25073 MiB, 23498 MiB
2024/11/23 12:30:05.402, 1, NVIDIA RTX A6000, 0 %, 0 %, 49140 MiB, 15 MiB, 48555 MiB
2024/11/23 12:30:06.402, 0, NVIDIA RTX A6000, 84 %, 32 %, 49140 MiB, 25073 MiB, 23498 MiB
2024/11/23 12:30:06.402, 1, NVIDIA RTX A6000, 0 %, 0 %, 49140 MiB, 15 MiB, 48555 MiB
2024/11/23 12:30:07.423, 0, NVIDIA RTX A6000, 93 %, 71 %, 49140 MiB, 25073 MiB, 23498 MiB
2024/11/23 12:30:07.423, 1, NVIDIA RTX A6000, 0 %, 0 %, 49140 MiB, 15 MiB, 48555 MiB
2024/11/23 12:30:08.423, 0, NVIDIA RTX A6000, 89 %, 49 %, 49140 MiB, 25073 MiB, 23498 MiB
2024/11/23 12:30:08.423, 1, NVIDIA RTX A6000, 0 %, 0 %, 49140 MiB, 15 MiB, 48555 MiB
2024/11/23 12:30:09.424, 0, NVIDIA RTX A6000, 85 %, 30 %, 49140 MiB, 25073 MiB, 23498 MiB
2024/11/23 12:30:09.424, 1, NVIDIA RTX A6000, 0 %, 0 %, 49140 MiB, 15 MiB, 48555 MiB
2024/11/23 12:30:10.424, 0, NVIDIA RTX A6000, 84 %, 28 %, 49140 MiB, 25073 MiB, 23498 MiB
2024/11/23 12:30:10.424, 1, NVIDIA RTX A6000, 0 %, 0 %, 49140 MiB, 15 MiB, 48555 MiB
2024/11/23 12:30:11.424, 0, NVIDIA RTX A6000, 87 %, 42 %, 49140 MiB, 25073 MiB, 23498 MiB
2024/11/23 12:30:11.424, 1, NVIDIA RTX A6000, 1 %, 0 %, 49140 MiB, 15 MiB, 48555 MiB
2024/11/23 12:30:12.473, 0, NVIDIA RTX A6000, 86 %, 37 %, 49140 MiB, 25073 MiB, 23498 MiB
2024/11/23 12:30:12.473, 1, NVIDIA RTX A6000, 0 %, 0 %, 49140 MiB, 15 MiB, 48555 MiB
2024/11/23 12:30:13.473, 0, NVIDIA RTX A6000, 91 %, 59 %, 49140 MiB, 25073 MiB, 23498 MiB
2024/11/23 12:30:13.474, 1, NVIDIA RTX A6000, 0 %, 0 %, 49140 MiB, 15 MiB, 48555 MiB
2024/11/23 12:30:14.474, 0, NVIDIA RTX A6000, 92 %, 74 %, 49140 MiB, 25073 MiB, 23498 MiB
2024/11/23 12:30:14.474, 1, NVIDIA RTX A6000, 0 %, 0 %, 49140 MiB, 15 MiB, 48555 MiB
2024/11/23 12:30:15.474, 0, NVIDIA RTX A6000, 94 %, 79 %, 49140 MiB, 25073 MiB, 23498 MiB
2024/11/23 12:30:15.474, 1, NVIDIA RTX A6000, 0 %, 0 %, 49140 MiB, 15 MiB, 48555 MiB
2024/11/23 12:30:16.474, 0, NVIDIA RTX A6000, 92 %, 64 %, 49140 MiB, 25073 MiB, 23498 MiB
2024/11/23 12:30:16.474, 1, NVIDIA RTX A6000, 0 %, 0 %, 49140 MiB, 15 MiB, 48555 MiB
2024/11/23 12:30:17.611, 0, NVIDIA RTX A6000, 89 %, 49 %, 49140 MiB, 25073 MiB, 23498 MiB
2024/11/23 12:30:17.611, 1, NVIDIA RTX A6000, 0 %, 0 %, 49140 MiB, 15 MiB, 48555 MiB
2024/11/23 12:30:18.611, 0, NVIDIA RTX A6000, 92 %, 65 %, 49140 MiB, 25073 MiB, 23498 MiB
2024/11/23 12:30:18.611, 1, NVIDIA RTX A6000, 0 %, 0 %, 49140 MiB, 15 MiB, 48555 MiB
2024/11/23 12:30:19.611, 0, NVIDIA RTX A6000, 93 %, 73 %, 49140 MiB, 25073 MiB, 23498 MiB
2024/11/23 12:30:19.611, 1, NVIDIA RTX A6000, 0 %, 0 %, 49140 MiB, 15 MiB, 48555 MiB
2024/11/23 12:30:20.611, 0, NVIDIA RTX A6000, 94 %, 79 %, 49140 MiB, 25073 MiB, 23498 MiB
2024/11/23 12:30:20.611, 1, NVIDIA RTX A6000, 0 %, 0 %, 49140 MiB, 15 MiB, 48555 MiB
2024/11/23 12:30:21.611, 0, NVIDIA RTX A6000, 100 %, 100 %, 49140 MiB, 25073 MiB, 23498 MiB
2024/11/23 12:30:21.612, 1, NVIDIA RTX A6000, 0 %, 0 %, 49140 MiB, 15 MiB, 48555 MiB
2024/11/23 12:30:22.730, 0, NVIDIA RTX A6000, 100 %, 89 %, 49140 MiB, 25073 MiB, 23498 MiB
2024/11/23 12:30:22.730, 1, NVIDIA RTX A6000, 0 %, 0 %, 49140 MiB, 15 MiB, 48555 MiB
2024/11/23 12:30:23.730, 0, NVIDIA RTX A6000, 95 %, 76 %, 49140 MiB, 25073 MiB, 23498 MiB
2024/11/23 12:30:23.730, 1, NVIDIA RTX A6000, 0 %, 0 %, 49140 MiB, 15 MiB, 48555 MiB
2024/11/23 12:30:24.730, 0, NVIDIA RTX A6000, 89 %, 53 %, 49140 MiB, 25073 MiB, 23498 MiB
2024/11/23 12:30:24.731, 1, NVIDIA RTX A6000, 0 %, 0 %, 49140 MiB, 15 MiB, 48555 MiB
2024/11/23 12:30:25.731, 0, NVIDIA RTX A6000, 84 %, 33 %, 49140 MiB, 25073 MiB, 23498 MiB
2024/11/23 12:30:25.731, 1, NVIDIA RTX A6000, 0 %, 0 %, 49140 MiB, 15 MiB, 48555 MiB
2024/11/23 12:30:26.731, 0, NVIDIA RTX A6000, 85 %, 24 %, 49140 MiB, 25073 MiB, 23498 MiB
2024/11/23 12:30:26.731, 1, NVIDIA RTX A6000, 0 %, 0 %, 49140 MiB, 15 MiB, 48555 MiB
2024/11/23 12:30:27.742, 0, NVIDIA RTX A6000, 86 %, 36 %, 49140 MiB, 25073 MiB, 23498 MiB
2024/11/23 12:30:27.742, 1, NVIDIA RTX A6000, 0 %, 0 %, 49140 MiB, 15 MiB, 48555 MiB
2024/11/23 12:30:28.742, 0, NVIDIA RTX A6000, 87 %, 37 %, 49140 MiB, 25073 MiB, 23498 MiB
2024/11/23 12:30:28.742, 1, NVIDIA RTX A6000, 0 %, 0 %, 49140 MiB, 15 MiB, 48555 MiB
2024/11/23 12:30:29.742, 0, NVIDIA RTX A6000, 90 %, 53 %, 49140 MiB, 25073 MiB, 23498 MiB
2024/11/23 12:30:29.742, 1, NVIDIA RTX A6000, 0 %, 0 %, 49140 MiB, 15 MiB, 48555 MiB
2024/11/23 12:30:30.742, 0, NVIDIA RTX A6000, 91 %, 69 %, 49140 MiB, 25073 MiB, 23498 MiB
2024/11/23 12:30:30.742, 1, NVIDIA RTX A6000, 0 %, 0 %, 49140 MiB, 15 MiB, 48555 MiB
2024/11/23 12:30:31.742, 0, NVIDIA RTX A6000, 94 %, 78 %, 49140 MiB, 25073 MiB, 23498 MiB
2024/11/23 12:30:31.742, 1, NVIDIA RTX A6000, 0 %, 0 %, 49140 MiB, 15 MiB, 48555 MiB
2024/11/23 12:30:32.791, 0, NVIDIA RTX A6000, 95 %, 81 %, 49140 MiB, 25073 MiB, 23498 MiB
2024/11/23 12:30:32.792, 1, NVIDIA RTX A6000, 0 %, 0 %, 49140 MiB, 15 MiB, 48555 MiB
2024/11/23 12:30:33.792, 0, NVIDIA RTX A6000, 100 %, 100 %, 49140 MiB, 25073 MiB, 23498 MiB
2024/11/23 12:30:33.792, 1, NVIDIA RTX A6000, 0 %, 0 %, 49140 MiB, 15 MiB, 48555 MiB
2024/11/23 12:30:34.792, 0, NVIDIA RTX A6000, 99 %, 88 %, 49140 MiB, 25073 MiB, 23498 MiB
2024/11/23 12:30:34.792, 1, NVIDIA RTX A6000, 0 %, 0 %, 49140 MiB, 15 MiB, 48555 MiB
2024/11/23 12:30:35.792, 0, NVIDIA RTX A6000, 95 %, 76 %, 49140 MiB, 25073 MiB, 23498 MiB
2024/11/23 12:30:35.792, 1, NVIDIA RTX A6000, 0 %, 0 %, 49140 MiB, 15 MiB, 48555 MiB
2024/11/23 12:30:36.792, 0, NVIDIA RTX A6000, 89 %, 53 %, 49140 MiB, 25073 MiB, 23498 MiB
2024/11/23 12:30:36.792, 1, NVIDIA RTX A6000, 0 %, 0 %, 49140 MiB, 15 MiB, 48555 MiB
2024/11/23 12:30:37.938, 0, NVIDIA RTX A6000, 97 %, 87 %, 49140 MiB, 25073 MiB, 23498 MiB
2024/11/23 12:30:37.938, 1, NVIDIA RTX A6000, 0 %, 0 %, 49140 MiB, 15 MiB, 48555 MiB
2024/11/23 12:30:38.939, 0, NVIDIA RTX A6000, 89 %, 48 %, 49140 MiB, 25073 MiB, 23498 MiB
2024/11/23 12:30:38.939, 1, NVIDIA RTX A6000, 0 %, 0 %, 49140 MiB, 15 MiB, 48555 MiB
2024/11/23 12:30:39.939, 0, NVIDIA RTX A6000, 92 %, 67 %, 49140 MiB, 25073 MiB, 23498 MiB
2024/11/23 12:30:39.939, 1, NVIDIA RTX A6000, 0 %, 0 %, 49140 MiB, 15 MiB, 48555 MiB
2024/11/23 12:30:40.939, 0, NVIDIA RTX A6000, 94 %, 77 %, 49140 MiB, 25073 MiB, 23498 MiB
2024/11/23 12:30:40.939, 1, NVIDIA RTX A6000, 0 %, 0 %, 49140 MiB, 15 MiB, 48555 MiB
2024/11/23 12:30:41.939, 0, NVIDIA RTX A6000, 90 %, 57 %, 49140 MiB, 25073 MiB, 23498 MiB
2024/11/23 12:30:41.939, 1, NVIDIA RTX A6000, 0 %, 0 %, 49140 MiB, 15 MiB, 48555 MiB
2024/11/23 12:30:43.008, 0, NVIDIA RTX A6000, 100 %, 100 %, 49140 MiB, 25073 MiB, 23498 MiB
2024/11/23 12:30:43.008, 1, NVIDIA RTX A6000, 0 %, 0 %, 49140 MiB, 15 MiB, 48555 MiB
2024/11/23 12:30:44.008, 0, NVIDIA RTX A6000, 98 %, 85 %, 49140 MiB, 25073 MiB, 23498 MiB
2024/11/23 12:30:44.008, 1, NVIDIA RTX A6000, 0 %, 0 %, 49140 MiB, 15 MiB, 48555 MiB
2024/11/23 12:30:45.009, 0, NVIDIA RTX A6000, 94 %, 73 %, 49140 MiB, 25073 MiB, 23498 MiB
2024/11/23 12:30:45.009, 1, NVIDIA RTX A6000, 0 %, 0 %, 49140 MiB, 15 MiB, 48555 MiB
2024/11/23 12:30:46.009, 0, NVIDIA RTX A6000, 88 %, 47 %, 49140 MiB, 25073 MiB, 23498 MiB
2024/11/23 12:30:46.009, 1, NVIDIA RTX A6000, 0 %, 0 %, 49140 MiB, 15 MiB, 48555 MiB
2024/11/23 12:30:47.009, 0, NVIDIA RTX A6000, 84 %, 31 %, 49140 MiB, 25073 MiB, 23498 MiB
2024/11/23 12:30:47.009, 1, NVIDIA RTX A6000, 0 %, 0 %, 49140 MiB, 15 MiB, 48555 MiB
2024/11/23 12:30:48.009, 0, NVIDIA RTX A6000, 84 %, 28 %, 49140 MiB, 25073 MiB, 23498 MiB
2024/11/23 12:30:48.009, 1, NVIDIA RTX A6000, 0 %, 0 %, 49140 MiB, 15 MiB, 48555 MiB
2024/11/23 12:30:49.009, 0, NVIDIA RTX A6000, 87 %, 42 %, 49140 MiB, 25073 MiB, 23498 MiB
2024/11/23 12:30:49.009, 1, NVIDIA RTX A6000, 0 %, 0 %, 49140 MiB, 15 MiB, 48555 MiB
2024/11/23 12:30:50.010, 0, NVIDIA RTX A6000, 86 %, 37 %, 49140 MiB, 25073 MiB, 23498 MiB
2024/11/23 12:30:50.010, 1, NVIDIA RTX A6000, 0 %, 0 %, 49140 MiB, 15 MiB, 48555 MiB
2024/11/23 12:30:51.010, 0, NVIDIA RTX A6000, 91 %, 61 %, 49140 MiB, 25073 MiB, 23498 MiB
2024/11/23 12:30:51.010, 1, NVIDIA RTX A6000, 0 %, 0 %, 49140 MiB, 15 MiB, 48555 MiB
2024/11/23 12:30:52.010, 0, NVIDIA RTX A6000, 92 %, 72 %, 49140 MiB, 25073 MiB, 23498 MiB
2024/11/23 12:30:52.010, 1, NVIDIA RTX A6000, 0 %, 0 %, 49140 MiB, 15 MiB, 48555 MiB
2024/11/23 12:30:53.113, 0, NVIDIA RTX A6000, 94 %, 79 %, 49140 MiB, 25073 MiB, 23498 MiB
2024/11/23 12:30:53.113, 1, NVIDIA RTX A6000, 0 %, 0 %, 49140 MiB, 15 MiB, 48555 MiB
2024/11/23 12:30:54.113, 0, NVIDIA RTX A6000, 98 %, 91 %, 49140 MiB, 25073 MiB, 23498 MiB
2024/11/23 12:30:54.113, 1, NVIDIA RTX A6000, 0 %, 0 %, 49140 MiB, 15 MiB, 48555 MiB
2024/11/23 12:30:55.113, 0, NVIDIA RTX A6000, 100 %, 94 %, 49140 MiB, 25073 MiB, 23498 MiB
2024/11/23 12:30:55.113, 1, NVIDIA RTX A6000, 0 %, 0 %, 49140 MiB, 15 MiB, 48555 MiB
2024/11/23 12:30:56.113, 0, NVIDIA RTX A6000, 96 %, 78 %, 49140 MiB, 25073 MiB, 23498 MiB
2024/11/23 12:30:56.113, 1, NVIDIA RTX A6000, 0 %, 0 %, 49140 MiB, 15 MiB, 48555 MiB
2024/11/23 12:30:57.113, 0, NVIDIA RTX A6000, 91 %, 62 %, 49140 MiB, 25073 MiB, 23498 MiB
2024/11/23 12:30:57.114, 1, NVIDIA RTX A6000, 0 %, 0 %, 49140 MiB, 15 MiB, 48555 MiB
2024/11/23 12:30:58.232, 0, NVIDIA RTX A6000, 95 %, 81 %, 49140 MiB, 25073 MiB, 23498 MiB
2024/11/23 12:30:58.232, 1, NVIDIA RTX A6000, 0 %, 0 %, 49140 MiB, 15 MiB, 48555 MiB
2024/11/23 12:30:59.232, 0, NVIDIA RTX A6000, 100 %, 100 %, 49140 MiB, 25073 MiB, 23498 MiB
2024/11/23 12:30:59.232, 1, NVIDIA RTX A6000, 0 %, 0 %, 49140 MiB, 15 MiB, 48555 MiB
2024/11/23 12:31:00.233, 0, NVIDIA RTX A6000, 99 %, 87 %, 49140 MiB, 25073 MiB, 23498 MiB
2024/11/23 12:31:00.233, 1, NVIDIA RTX A6000, 0 %, 0 %, 49140 MiB, 15 MiB, 48555 MiB
2024/11/23 12:31:01.233, 0, NVIDIA RTX A6000, 94 %, 75 %, 49140 MiB, 25073 MiB, 23498 MiB
2024/11/23 12:31:01.233, 1, NVIDIA RTX A6000, 0 %, 0 %, 49140 MiB, 15 MiB, 48555 MiB
2024/11/23 12:31:02.233, 0, NVIDIA RTX A6000, 87 %, 45 %, 49140 MiB, 25073 MiB, 23498 MiB
2024/11/23 12:31:02.233, 1, NVIDIA RTX A6000, 0 %, 0 %, 49140 MiB, 15 MiB, 48555 MiB
2024/11/23 12:31:03.233, 0, NVIDIA RTX A6000, 92 %, 65 %, 49140 MiB, 25073 MiB, 23498 MiB
2024/11/23 12:31:03.233, 1, NVIDIA RTX A6000, 0 %, 0 %, 49140 MiB, 15 MiB, 48555 MiB
2024/11/23 12:31:04.233, 0, NVIDIA RTX A6000, 93 %, 72 %, 49140 MiB, 25073 MiB, 23498 MiB
2024/11/23 12:31:04.233, 1, NVIDIA RTX A6000, 0 %, 0 %, 49140 MiB, 15 MiB, 48555 MiB
2024/11/23 12:31:05.233, 0, NVIDIA RTX A6000, 94 %, 80 %, 49140 MiB, 25073 MiB, 23498 MiB
2024/11/23 12:31:05.234, 1, NVIDIA RTX A6000, 0 %, 0 %, 49140 MiB, 15 MiB, 48555 MiB
2024/11/23 12:31:06.234, 0, NVIDIA RTX A6000, 99 %, 97 %, 49140 MiB, 25073 MiB, 23498 MiB
2024/11/23 12:31:06.234, 1, NVIDIA RTX A6000, 0 %, 0 %, 49140 MiB, 15 MiB, 48555 MiB
2024/11/23 12:31:07.234, 0, NVIDIA RTX A6000, 88 %, 57 %, 49140 MiB, 25073 MiB, 23498 MiB
2024/11/23 12:31:07.234, 1, NVIDIA RTX A6000, 0 %, 0 %, 49140 MiB, 15 MiB, 48555 MiB
2024/11/23 12:31:08.308, 0, NVIDIA RTX A6000, 83 %, 26 %, 49140 MiB, 25073 MiB, 23498 MiB
2024/11/23 12:31:08.308, 1, NVIDIA RTX A6000, 0 %, 0 %, 49140 MiB, 15 MiB, 48555 MiB
2024/11/23 12:31:09.308, 0, NVIDIA RTX A6000, 87 %, 37 %, 49140 MiB, 25073 MiB, 23498 MiB
2024/11/23 12:31:09.308, 1, NVIDIA RTX A6000, 0 %, 0 %, 49140 MiB, 15 MiB, 48555 MiB
2024/11/23 12:31:10.308, 0, NVIDIA RTX A6000, 100 %, 99 %, 49140 MiB, 25073 MiB, 23498 MiB
2024/11/23 12:31:10.308, 1, NVIDIA RTX A6000, 0 %, 0 %, 49140 MiB, 15 MiB, 48555 MiB
2024/11/23 12:31:11.309, 0, NVIDIA RTX A6000, 97 %, 82 %, 49140 MiB, 25073 MiB, 23498 MiB
2024/11/23 12:31:11.309, 1, NVIDIA RTX A6000, 0 %, 0 %, 49140 MiB, 15 MiB, 48555 MiB
2024/11/23 12:31:12.309, 0, NVIDIA RTX A6000, 92 %, 67 %, 49140 MiB, 25073 MiB, 23498 MiB
2024/11/23 12:31:12.309, 1, NVIDIA RTX A6000, 0 %, 0 %, 49140 MiB, 15 MiB, 48555 MiB
2024/11/23 12:31:13.439, 0, NVIDIA RTX A6000, 94 %, 80 %, 49140 MiB, 25073 MiB, 23498 MiB
2024/11/23 12:31:13.439, 1, NVIDIA RTX A6000, 0 %, 0 %, 49140 MiB, 15 MiB, 48555 MiB
2024/11/23 12:31:14.439, 0, NVIDIA RTX A6000, 99 %, 98 %, 49140 MiB, 25073 MiB, 23498 MiB
2024/11/23 12:31:14.439, 1, NVIDIA RTX A6000, 0 %, 0 %, 49140 MiB, 15 MiB, 48555 MiB
2024/11/23 12:31:15.439, 0, NVIDIA RTX A6000, 100 %, 89 %, 49140 MiB, 25073 MiB, 23498 MiB
2024/11/23 12:31:15.439, 1, NVIDIA RTX A6000, 0 %, 0 %, 49140 MiB, 15 MiB, 48555 MiB
2024/11/23 12:31:16.439, 0, NVIDIA RTX A6000, 95 %, 76 %, 49140 MiB, 25073 MiB, 23498 MiB
2024/11/23 12:31:16.439, 1, NVIDIA RTX A6000, 0 %, 0 %, 49140 MiB, 15 MiB, 48555 MiB
2024/11/23 12:31:17.439, 0, NVIDIA RTX A6000, 90 %, 54 %, 49140 MiB, 25073 MiB, 23498 MiB
2024/11/23 12:31:17.439, 1, NVIDIA RTX A6000, 0 %, 0 %, 49140 MiB, 15 MiB, 48555 MiB
2024/11/23 12:31:18.443, 0, NVIDIA RTX A6000, 85 %, 35 %, 49140 MiB, 25073 MiB, 23498 MiB
2024/11/23 12:31:18.443, 1, NVIDIA RTX A6000, 0 %, 0 %, 49140 MiB, 15 MiB, 48555 MiB
2024/11/23 12:31:19.444, 0, NVIDIA RTX A6000, 84 %, 22 %, 49140 MiB, 25073 MiB, 23498 MiB
2024/11/23 12:31:19.444, 1, NVIDIA RTX A6000, 0 %, 0 %, 49140 MiB, 15 MiB, 48555 MiB
2024/11/23 12:31:20.444, 0, NVIDIA RTX A6000, 85 %, 34 %, 49140 MiB, 25073 MiB, 23498 MiB
2024/11/23 12:31:20.444, 1, NVIDIA RTX A6000, 0 %, 0 %, 49140 MiB, 15 MiB, 48555 MiB
2024/11/23 12:31:21.444, 0, NVIDIA RTX A6000, 87 %, 37 %, 49140 MiB, 25073 MiB, 23498 MiB
2024/11/23 12:31:21.444, 1, NVIDIA RTX A6000, 0 %, 0 %, 49140 MiB, 15 MiB, 48555 MiB
2024/11/23 12:31:22.444, 0, NVIDIA RTX A6000, 89 %, 51 %, 49140 MiB, 25073 MiB, 23498 MiB
2024/11/23 12:31:22.444, 1, NVIDIA RTX A6000, 0 %, 0 %, 49140 MiB, 15 MiB, 48555 MiB
2024/11/23 12:31:23.492, 0, NVIDIA RTX A6000, 92 %, 68 %, 49140 MiB, 25073 MiB, 23498 MiB
2024/11/23 12:31:23.492, 1, NVIDIA RTX A6000, 0 %, 0 %, 49140 MiB, 15 MiB, 48555 MiB
2024/11/23 12:31:24.492, 0, NVIDIA RTX A6000, 94 %, 76 %, 49140 MiB, 25073 MiB, 23498 MiB
2024/11/23 12:31:24.492, 1, NVIDIA RTX A6000, 0 %, 0 %, 49140 MiB, 15 MiB, 48555 MiB
2024/11/23 12:31:25.492, 0, NVIDIA RTX A6000, 95 %, 81 %, 49140 MiB, 25073 MiB, 23498 MiB
2024/11/23 12:31:25.493, 1, NVIDIA RTX A6000, 0 %, 0 %, 49140 MiB, 15 MiB, 48555 MiB
2024/11/23 12:31:26.493, 0, NVIDIA RTX A6000, 100 %, 100 %, 49140 MiB, 25073 MiB, 23498 MiB
2024/11/23 12:31:26.493, 1, NVIDIA RTX A6000, 0 %, 0 %, 49140 MiB, 15 MiB, 48555 MiB
2024/11/23 12:31:27.493, 0, NVIDIA RTX A6000, 99 %, 88 %, 49140 MiB, 25073 MiB, 23498 MiB
2024/11/23 12:31:27.493, 1, NVIDIA RTX A6000, 0 %, 0 %, 49140 MiB, 15 MiB, 48555 MiB
2024/11/23 12:31:28.635, 0, NVIDIA RTX A6000, 94 %, 74 %, 49140 MiB, 25073 MiB, 23498 MiB
2024/11/23 12:31:28.635, 1, NVIDIA RTX A6000, 0 %, 0 %, 49140 MiB, 15 MiB, 48555 MiB
